disno,historic,group,subgroup,type,subtype,event_name,iso,country,location,admin_units,start_year,start_month,start_day,end_year,end_month,end_day,total_deaths,no_injured,no_affected,no_homeless,total_affected,damage_thousand_usd,damage_adjusted_thousand_usd,magnitude,magnitude_scale,latitude,longitude,entry_date,last_update
1988-0519-IND,Yes,Natural,Meteorological,Storm,Tropical cyclone,Cyclone '04B',IND,India,West Bengal,,1988,11,29,1988,11,29,532,,1900000,,1900000,13000,35391,215,Kph,,,2003-07-01,2026-05-12
1987-0137-IND,Yes,Natural,Hydrological,Flood,Riverine flood,,IND,India,"Assam, Bihar, West Bengal",,1987,8,,1987,8,,1200,,18000000,,18000000,545000,1544193,40000,Km2,,,2003-07-01,2026-05-12
1990-0019-IND,Yes,Natural,Meteorological,Storm,Tropical cyclone,Cyclone '02B',IND,India,"Guntur, Krishna, East and West Godavari, Visakhapatnam districts (Andhra Pradesh); Tamil Nadu",,1990,5,9,1990,5,9,957,,2600000,,2600000,580000,1429124,235,Kph,,,2006-04-24,2026-06-18
2026-0330-IND,No,Natural,Meteorological,Storm,Lightning/Thunderstorms,,IND,India,Prayagraj (Uttar Pradesh),,2026,5,13,2026,5,13,122,59,1135,,1194,10000,,,Kph,,,2026-05-15,2026-07-24
1993-0570-IND,Yes,Natural,Hydrological,Flood,Riverine flood,,IND,India,"Himachal Pradesh, Punjab, Bihar, West Bengal, Jammu and Kashmir",,1993,7,,1993,7,,540,,10000000,,10000000,,,,Km2,,,2003-07-01,2026-07-29
1992-0083-IND,Yes,Natural,Hydrological,Flood,Riverine flood,,IND,India,"Uttar Pradesh, Jammu, Madhya Pradesh",,1992,9,7,1992,9,30,500,,70000,,70000,57850,132731,,Km2,,,2005-11-21,2026-07-28
1996-0256-IND,Yes,Natural,Meteorological,Storm,Tropical cyclone,Cyclone '07B',IND,India,"East and West Godavari, Kakinada (Andhra Pradesh state)",,1996,11,6,1996,11,8,800,,7000000,,7000000,1500300,3079445,215,Kph,,,2006-07-10,2026-08-07
1996-0245-IND,Yes,Natural,Meteorological,Storm,Tropical cyclone,Cyclone '05A',IND,India,"Tamil Nadu, Andhra Pradesh, Kerala, Karnataka states",,1996,10,21,1996,10,25,388,,100000,,100000,90400,185551,110,Kph,,,2006-07-10,2026-08-07
2025-1102-IND,No,Natural,Meteorological,Extreme temperature,Heat wave,,IND,India,,,2025,4,,2025,7,,84,,,,,,,46.4,°C,,,2026-08-28,2026-08-28
2001-0729-IND,No,Natural,Meteorological,Storm,Tropical cyclone,,IND,India,"Gujarat, Goa, Maharashtra, Kerala provinces","[{""adm1_code"":1490,""adm1_name"":""Goa""},{""adm1_code"":1491,""adm1_name"":""Gujarat""},{""adm1_code"":1495,""adm1_name"":""Kerala""},{""adm1_code"":1498,""adm1_name"":""Maharashtra""}]",2001,5,28,2001,5,28,510,,,,,,,215,Kph,,,2003-07-01,2026-08-26
2002-0702-IND,No,Natural,Meteorological,Storm,Tropical cyclone,Severe cyclonic storm 'BOB 03',IND,India,"Baleshwar, Bhadrak, Jagatsinghpur, Kendrapara districts (Orissa province), East Midnapore, North 24 Parganas, South 24 Parganas (West Bengal province)","[{""adm2_code"":70207,""adm2_name"":""Baleshwar""},{""adm2_code"":70209,""adm2_name"":""Bhadrak""},{""adm2_code"":70214,""adm2_name"":""Jagatsinghpur""},{""adm2_code"":70218,""adm2_name"":""Kendrapara""},{""adm2_code"":70291,""adm2_name"":""East Midnapore""},{""adm2_code"":70293,""adm2_name"":""North 24 Parganas""},{""adm2_code"":70294,""adm2_name"":""South 24 Parganas""}]",2002,11,13,2002,11,13,124,,,,,,,100,Kph,,,2003-07-01,2026-08-31
2002-0290-IND,No,Natural,Meteorological,Extreme temperature,Heat wave,,IND,India,"Madhya Pradesh, Andhra Pradesh, Uttar Pradesh, Delhi, Rajasthan, Punjab, Haryana, Orissa, West Bengal provinces","[{""adm1_code"":1485,""adm1_name"":""Andhra Pradesh""},{""adm1_code"":1489,""adm1_name"":""Delhi""},{""adm1_code"":1492,""adm1_name"":""Haryana""},{""adm1_code"":1504,""adm1_name"":""Orissa""},{""adm1_code"":1505,""adm1_name"":""Punjab""},{""adm1_code"":1506,""adm1_name"":""Rajasthan""},{""adm1_code"":1511,""adm1_name"":""West Bengal""},{""adm1_code"":70079,""adm1_name"":""Madhya Pradesh""},{""adm1_code"":70081,""adm1_name"":""Uttar Pradesh""}]",2002,5,10,2002,5,22,1030,,,,,,,50,°C,,,2005-12-12,2026-09-01
2000-0332-IND,No,Natural,Hydrological,Flood,Flash flood,,IND,India,"Yingkiang,Tuting villages (Upper Siang (70051) district, Arunachal Pradesh province), Along, Boleng villages (70054 district, Arunachal Pradesh province), Pasighat, Sika-bamin, Komlighat, Raneghat (70041 district, Arunachal Pradesh province), Tezu, Mahadevpur villages (Lohit district, Arunachal Pradesh province), Golaghat, Nagaon districts (Assam province),","[{""adm2_code"":17582,""adm2_name"":""Golaghat""},{""adm2_code"":17589,""adm2_name"":""Nagaon""},{""adm2_code"":70041,""adm2_name"":""Administrative unit not available""},{""adm2_code"":70051,""adm2_name"":""Administrative unit not available""},{""adm2_code"":70054,""adm2_name"":""Administrative unit not available""},{""adm2_code"":17571,""adm2_name"":""East Siang""},{""adm2_code"":17572,""adm2_name"":""Lohit""},{""adm2_code"":17575,""adm2_name"":""West Siang""}]",2000,6,10,2000,6,10,20,,3000000,,3000000,,,55000,Km2,,,2005-09-15,2025-12-20
2023-0606-IND,No,Natural,Meteorological,Storm,Lightning/Thunderstorms,,IND,India,"Khurda, Balangir, Angul, Boudh, Dhenkanal, Gajapati, Jagatsinghpur, and Puri (Odisha State)",,2023,9,2,2023,9,6,12,14,1060,,1074,,,,Kph,,,2023-09-11,2026-09-10
2026-0449-IND,No,Natural,Hydrological,Flood,Flood (General),,IND,India,"Cachemire, Nagaland",,2026,7,18,2026,7,19,19,,,,,,,,Km2,,,2026-07-20,2026-09-10
2026-0468-IND,No,Natural,Hydrological,Flood,Flood (General),,IND,India,"Assam, Kerala",,2026,7,19,2026,8,,74,,1144733,,1144733,,,,Km2,,,2026-07-23,2026-09-10
2026-0418-IND,No,Natural,Hydrological,Flood,Flood (General),,IND,India,"Mumbai, Palghar and Raigad,",,2026,7,4,2026,7,5,13,,,,,,,,Km2,,,2026-07-07,2026-09-10
1957-0041-IND,Yes,Natural,Hydrological,Flood,Flood (General),,IND,India,,,1957,11,,1957,11,,53,,,,,,,,Km2,,,2003-07-01,2023-09-25
1988-0244-IND,Yes,Natural,Hydrological,Flood,Riverine flood,,IND,India,"Bihar, West Bengal, Assam",,1988,6,,1988,6,,250,,16500000,,16500000,929200,2529627,,Km2,,,2003-07-01,2023-09-25
1988-0293-IND,Yes,Natural,Hydrological,Mass movement (wet),Landslide (wet),,IND,India,"Uttar Pradesh, Haryana, Himachal Pradesh, Pendjab states",,1988,7,,1988,7,,255,,,,,,,,,,,2003-07-01,2023-09-25
1989-0091-IND,Yes,Natural,Hydrological,Flood,Riverine flood,,IND,India,"Maharashtra, Andhra Pradesh, Gujarat",,1989,7,28,1989,7,28,1591,,,,,,,,Km2,,,2005-04-20,2023-09-25
1989-0158-IND,Yes,Natural,Meteorological,Storm,Tropical cyclone,,IND,India,"Coastal Orissa, West Bengal",,1989,5,26,1989,5,26,43,,3700000,,3700000,,,,Kph,,,2003-07-01,2023-09-25
1995-0485-IND,Yes,Natural,Hydrological,Flood,Riverine flood,,IND,India,Sikkim state,,1995,9,5,1995,9,8,35,,,,,252,532,6520,Km2,,,2006-07-11,2023-09-25
1989-0427-IND,Yes,Natural,Meteorological,Extreme temperature,Cold wave,,IND,India,,,1989,1,,1989,1,,18,,,,,,,,°C,,,2003-07-01,2023-09-25
1990-0630-IND,Yes,Natural,Meteorological,Storm,Storm (General),,IND,India,"Meghalaya, Manipur, Tinsukia",,1990,4,20,1990,4,20,16,,,,,,,,Kph,,,2003-07-01,2023-09-25
1990-0632-IND,Yes,Natural,Meteorological,Extreme temperature,Cold wave,,IND,India,"Haryana, Punjab, Jammu, Himachal Pradesh, Rajasthan states",,1990,1,,1990,1,,178,,,,,,,,°C,,,2003-07-01,2023-09-25
1993-0581-IND,Yes,Natural,Geophysical,Earthquake,Ground movement,,IND,India,Latur area,,1993,11,12,1993,11,12,,25,500,,525,,,4.6,Moment Magnitude,18.12,76.533,2004-03-26,2023-09-25
1994-0068-IND,Yes,Natural,Hydrological,Flood,Flood (General),,IND,India,"Assam, Arunachal Pradesh, Jammu and Kashmir, Himachal, Punjab, Uttar Pradesh, Goa, Kerala, Gujarat states",,1994,5,,1994,10,,2001,50,12000000,60000,12060050,175000,380098,,Km2,,,2005-12-15,2023-09-25
1992-0211-IND,Yes,Natural,Meteorological,Storm,Severe weather,,IND,India,"Kerala, Gujarat, Orissa states",,1992,6,17,1992,6,24,60,,,,,,,,Kph,,,2006-01-06,2023-09-25
1994-0762-IND,Yes,Natural,Meteorological,Storm,Tornado,,IND,India,Mormugao,,1994,6,7,1994,6,7,11,100,,,100,,,,Kph,,,2003-07-01,2023-09-25
1994-0763-IND,Yes,Natural,Hydrological,Flood,Riverine flood,,IND,India,New Delhi,,1994,8,17,1994,8,17,14,50,,2500,2550,,,,Km2,,,2003-07-01,2023-09-25
1992-0500-IND,Yes,Natural,Meteorological,Extreme temperature,Cold wave,,IND,India,Bihar state,,1992,1,,1992,1,,275,,,,,,,,°C,,,2003-07-01,2023-09-25
1993-0074-IND,Yes,Natural,Geophysical,Earthquake,Ground movement,,IND,India,"Killari, Haegoan, Sostour, Holi (Latur and Osmanabad districts, Maharastra state)",,1993,9,29,1993,9,29,9748,30000,,,30000,280000,624014,6.4,Moment Magnitude,16.4,74.2,2004-03-26,2023-09-25
1993-0085-IND,Yes,Natural,Meteorological,Storm,Tropical cyclone,,IND,India,"Tamil Nadu, Karaikal region (Pondicherry)",,1993,12,4,1993,12,4,61,,12000,60000,72000,100000,222862,120,Kph,,,2003-07-01,2023-09-25
1993-0325-IND,Yes,Natural,Hydrological,Flood,Riverine flood,,IND,India,Uttar Pradesh,,1993,9,9,1993,9,17,227,,3000,,3000,500000,1114311,,Km2,,,2007-08-17,2024-08-29
1993-0326-IND,Yes,Natural,Hydrological,Flood,Riverine flood,,IND,India,"Tripura, Karamganj (Assam)",,1993,5,,1993,5,,,,,50000,50000,,,,Km2,,,2003-07-01,2023-09-25
1994-0624-IND,Yes,Natural,Meteorological,Extreme temperature,Heat wave,,IND,India,"New Delhi, Rajasthan, Madhya Pradesh",,1994,5,,1994,5,,161,,,,,,,49,°C,,,2003-07-01,2023-09-25
1995-0491-IND,Yes,Natural,Hydrological,Flood,Riverine flood,,IND,India,Andhra Pradesh,,1995,10,23,1995,10,23,,,,3000,3000,2000,4225,,Km2,,,2006-07-12,2023-09-25
1996-0106-IND,Yes,Natural,Meteorological,Storm,Tropical cyclone,03,IND,India,"Andhra Pradesh, Karnataka, Kerala, West Begal, Tamil Nadu, Gujarat, Maharashtra, Uttar Pradesh, Assam, Haryana, Jammu and Kashmir, Rajasthan, Arunachal, Bihar, Tripura states",,1996,6,14,1996,6,16,731,,1842100,,1842100,,,,Kph,,,2006-07-11,2023-09-25
1996-0180-IND,Yes,Natural,Meteorological,Storm,Tropical cyclone,,IND,India,Oman Sea,,1996,7,2,1996,7,2,92,,,,,,,,Kph,,,2003-07-01,2023-09-25
2010-0416-IND,No,Natural,Hydrological,Flood,Riverine flood,,IND,India,Lakhimpur district (Assam province),"[{""adm2_code"":70091,""adm2_name"":""Lakhimpur""}]",2010,9,5,2010,9,17,,,30000,,30000,,,12555,Km2,26.235,92.25,2011-01-10,2025-12-20
2010-0694-IND,No,Natural,Meteorological,Storm,Hail,,IND,India,"Mushalpur, Baksa towns (Nalbari district, Assam province)","[{""adm2_code"":17590,""adm2_name"":""Nalbari""}]",2010,4,10,2010,4,10,28,,,5000,5000,,,,Kph,,,2011-03-17,2023-09-25
1996-0208-IND,Yes,Natural,Hydrological,Mass movement (wet),Landslide (wet),,IND,India,"Karnataka, Andhra Pradesh, Maharashtra",,1996,9,30,1996,9,30,48,,,,,,,,,,,2003-07-01,2023-09-25
1996-9328-IND,Yes,Natural,Climatological,Drought,Drought,,IND,India,Rajasthan,,1996,3,,1996,4,,,,,,,542400,1113305,72000,Km2,,,2008-04-02,2023-09-25
1997-0124-IND,Yes,Natural,Hydrological,Mass movement (wet),Landslide (wet),,IND,India,Gangtok (city) Level 1 = Sikkim,,1997,6,9,1997,6,9,28,30,,,30,,,,,,,2003-07-01,2023-09-25
1997-0170-IND,Yes,Natural,Hydrological,Flood,Riverine flood,,IND,India,"Chandigarh, Chirgaon, Himalayan state of Himachal Pradesh.",,1997,8,8,1997,8,14,135,20,,,20,71000,142402,,Km2,,,2005-10-28,2023-09-25
1997-0226-IND,Yes,Natural,Meteorological,Storm,Tropical cyclone,,IND,India,Andhra Pradesh,,1997,8,22,1997,8,22,25,,,,,,,,Kph,,,2003-07-01,2023-09-25
1997-0348-IND,Yes,Natural,Hydrological,Flood,Flood (General),,IND,India,West,,1997,8,,1997,8,,244,,,,,,,,Km2,,,2003-07-01,2023-09-25
1998-0106-IND,Yes,Natural,Meteorological,Storm,Tornado,,IND,India,"Tanton, Jaleshwar (Midnapore, West Bengal), Balasore district (Orissa)",,1998,3,24,1998,3,24,250,2500,38000,,40500,10000,19750,110,Kph,,,2003-07-01,2023-09-25
1998-0183-IND,Yes,Natural,Meteorological,Storm,Tropical cyclone,03A,IND,India,"Kutch, Porbandar, Jamnagar, Junagadh, Amreli, Bhavnagar, Banaskhanta, Surat, Bharuch, Rajkot, Valsad, Nasvari districts (Gujarat state), Barmer, Jallore districts (Rajasthan state), Ratnagiri district (Maharasthra)",,1998,6,9,1998,6,11,2871,893,4600000,,4600893,469000,926279,145,Kph,,,2006-07-09,2023-09-25
1998-0217-IND,Yes,Natural,Meteorological,Extreme temperature,Heat wave,,IND,India,"Orissa, Andhra Pradesh, Rajasthan, Madhya Pradesh, Uttar Pradesh, Gujarat states",,1998,5,26,1998,5,26,2541,,,,,,,49.8,°C,,,2003-07-01,2023-09-25
1998-0262-IND,Yes,Natural,Hydrological,Mass movement (wet),Landslide (wet),,IND,India,Mansuna village (Uttar Pradesh state),,1998,8,19,1998,8,19,37,,,,,,,,,,,2003-07-01,2023-09-25
1998-0439-IND,Yes,Natural,Hydrological,Mass movement (wet),Avalanche (wet),,IND,India,Sikkim,,1998,3,31,1998,3,31,24,6,,,6,,,,,,,2003-07-01,2023-09-25
2019-0331-IND,No,Natural,Hydrological,Flood,Flood (General),,IND,India,"Sitamarhi, Sheohar, East Champaran, Muzaffarpur, Madhubani, Darbhanga, Supaul, Araria, Sahersa , Katihar, Purnia, Kishanganj districts (Bihar); Dhemaji, Lakhimpur, Biswanath, Barpeta, Chirang, Golaghat Jorhat, Sonitpur, Darrang, Nalbari, Bongaigaon, Morigaon, Nagaon, Majuli, Baksa, Kokrajhar, Dhubri, South Salmara, Goalpara, Kamrup, Hojai, Sivsagar, Tinsukia, Cachar, KarbiAnglrng, West Karbi-Anglong, Hailakandi, Dibrugarh districts (Assam); Maharashtra, Kerala, Rajasthan, West Bengal, Karnataka, Uttarakand, Himachal Pradesh, Punjab, Uttar Pradesh, Odisha","[{""adm1_code"":1493,""adm1_name"":""Himachal Pradesh""},{""adm1_code"":1494,""adm1_name"":""Karnataka""},{""adm1_code"":1495,""adm1_name"":""Kerala""},{""adm1_code"":1498,""adm1_name"":""Maharashtra""},{""adm1_code"":1504,""adm1_name"":""Orissa""},{""adm1_code"":1505,""adm1_name"":""Punjab""},{""adm1_code"":1506,""adm1_name"":""Rajasthan""},{""adm1_code"":1511,""adm1_name"":""West Bengal""},{""adm1_code"":70081,""adm1_name"":""Uttar Pradesh""},{""adm1_code"":70082,""adm1_name"":""Uttarakhand""},{""adm2_code"":17576,""adm2_name"":""Barpeta""},{""adm2_code"":17577,""adm2_name"":""Cachar""},{""adm2_code"":17578,""adm2_name"":""Darrang""},{""adm2_code"":17579,""adm2_name"":""Dhuburi""},{""adm2_code"":17580,""adm2_name"":""Dibrugarh""},{""adm2_code"":17581,""adm2_name"":""Goalpara""},{""adm2_code"":17582,""adm2_name"":""Golaghat""},{""adm2_code"":17583,""adm2_name"":""Kamrup""},{""adm2_code"":17584,""adm2_name"":""Karbi Anglong""},{""adm2_code"":17589,""adm2_name"":""Nagaon""},{""adm2_code"":17590,""adm2_name"":""Nalbari""},{""adm2_code"":17592,""adm2_name"":""Sibsagar""},{""adm2_code"":17593,""adm2_name"":""Sonitpur""},{""adm2_code"":70086,""adm2_name"":""Bongaigaon""},{""adm2_code"":70087,""adm2_name"":""Dhemaji""},{""adm2_code"":70088,""adm2_name"":""Hailakandi""},{""adm2_code"":70089,""adm2_name"":""Jorhat""},{""adm2_code"":70090,""adm2_name"":""Kokrajhar""},{""adm2_code"":70091,""adm2_name"":""Lakhimpur""},{""adm2_code"":70092,""adm2_name"":""Marigaon""},{""adm2_code"":70093,""adm2_name"":""Tinsukia""},{""adm2_code"":17598,""adm2_name"":""Darbhanga""},{""adm2_code"":17608,""adm2_name"":""Katihar""},{""adm2_code"":17611,""adm2_name"":""Madhubani""},{""adm2_code"":17613,""adm2_name"":""Muzaffarpur""},{""adm2_code"":17620,""adm2_name"":""Purba Champaran""},{""adm2_code"":17621,""adm2_name"":""Purnia""},{""adm2_code"":17624,""adm2_name"":""Saharsa""},{""adm2_code"":17630,""adm2_name"":""Sitamarhi""},{""adm2_code"":70094,""adm2_name"":""Araria""},{""adm2_code"":70100,""adm2_name"":""Kishanganj""},{""adm2_code"":70103,""adm2_name"":""Sheohar""},{""adm2_code"":70104,""adm2_name"":""Supaul""}]",2019,7,14,2019,9,30,1900,,3000000,,3000000,10000000,12592748,,Km2,,,2019-07-15,2025-12-20
1999-0125-IND,Yes,Natural,Meteorological,Extreme temperature,Heat wave,,IND,India,"Orissa, Andhra Pradesh, Gujurat, Uttar Pradesh",,1999,4,,1999,4,,140,,,,,,,47,°C,,,2003-07-01,2023-09-25
2021-0072-IND,No,Natural,Climatological,Glacial lake outburst flood,Glacial lake outburst flood,,IND,India,Uttarakhand state,"[{""adm1_code"":70082,""adm1_name"":""Uttarakhand""}]",2021,2,7,2021,2,8,234,,,,,210000,249504,,,,,2021-02-09,2025-12-20
2019-0223-IND,No,Natural,Meteorological,Extreme temperature,Heat wave,,IND,India,"Karnataka, Maharashtra, Madhya Pradesh, Rajasthan, Uttar Pradesh states","[{""adm1_code"":1494,""adm1_name"":""Karnataka""},{""adm1_code"":1498,""adm1_name"":""Maharashtra""},{""adm1_code"":1506,""adm1_name"":""Rajasthan""},{""adm1_code"":70079,""adm1_name"":""Madhya Pradesh""},{""adm1_code"":70081,""adm1_name"":""Uttar Pradesh""}]",2019,6,,2019,6,,22,450,,,450,,,,°C,,,2019-06-17,2025-12-20
2021-0234-IND,No,Natural,Climatological,Glacial lake outburst flood,Glacial lake outburst flood,,IND,India,Chamoli District (Uttarakhand State),"[{""adm2_code"":70282,""adm2_name"":""Chamoli""}]",2021,4,23,2021,4,23,16,24,,,24,,,,,,,2021-04-29,2025-12-20
2019-0164-IND,No,Natural,Meteorological,Storm,Tropical cyclone,Cyclone 'Fani',IND,India,Odisha province,"[{""adm1_code"":1504,""adm1_name"":""Orissa""}]",2019,5,3,2019,5,3,50,,20000000,,20000000,1810000,2279287,,Kph,,,2019-05-06,2025-12-20
2019-0155-IND,No,Natural,Meteorological,Storm,Storm (General),,IND,India,"Gujarat, Rajasthan, Madhya Pradesh, Maharashtra","[{""adm1_code"":1491,""adm1_name"":""Gujarat""},{""adm1_code"":1498,""adm1_name"":""Maharashtra""},{""adm1_code"":1506,""adm1_name"":""Rajasthan""},{""adm1_code"":70079,""adm1_name"":""Madhya Pradesh""}]",2019,4,16,2019,4,17,50,,,,,,,,Kph,,,2019-04-18,2025-12-20
2021-0419-IND,No,Natural,Hydrological,Mass movement (wet),Landslide (wet),,IND,India,Bombay,"[{""adm2_code"":70183,""adm2_name"":""Mumbai Suburban""},{""adm2_code"":70184,""adm2_name"":""Mumbai city""}]",2021,7,17,2021,7,18,33,,,,,,,,,,,2021-07-19,2025-12-20
2021-0500-IND,No,Natural,Hydrological,Mass movement (wet),Landslide (wet),,IND,India,"Nigul Sari Village (Kinnaur District, Himachal Pradesh State)","[{""adm2_code"":17670,""adm2_name"":""Kinnaur""}]",2021,8,11,2021,8,11,35,13,,,13,,,,,,,2021-08-12,2025-12-20
2018-0385-IND,No,Natural,Meteorological,Storm,Tropical cyclone,Tropical storm 'Titli',IND,India,"Mandasa, Godalpur, Gajapati, Ganjam, Rayagada, Puri, Kandhamal (Andhra Pradesh & Odisha)","[{""adm2_code"":17565,""adm2_name"":""Srikakulam""},{""adm2_code"":17811,""adm2_name"":""Ganjam""},{""adm2_code"":17818,""adm2_name"":""Puri""},{""adm2_code"":70213,""adm2_name"":""Gajapati""},{""adm2_code"":70217,""adm2_name"":""Kandhamal""},{""adm2_code"":70224,""adm2_name"":""Rayagada""}]",2018,10,11,2018,10,12,85,200,300000,,300200,920000,1179529,126,Kph,,,2018-10-17,2025-12-20
2018-0372-IND,No,Natural,Hydrological,Flood,Flood (General),,IND,India,"Punjab, Haryana states","[{""adm1_code"":1492,""adm1_name"":""Haryana""},{""adm1_code"":1505,""adm1_name"":""Punjab""}]",2018,9,23,2018,9,24,25,,,,,,,,Km2,,,2018-10-11,2025-12-20
2021-0630-IND,No,Natural,Meteorological,Storm,Tropical cyclone,Cyclone 'Gulab',IND,India,"Srikakulam, Vizianagaram, Visakhapatnam, Kalingapatnam , Nizamabad, Hyderabad districts (Andhra Pradesh); Koraput, Malkangiri districts (Odisha); Aurangabad, Latur, Osmanabad, Parbhani, Nanded, Beed, Jalna, Hingoli districts (Maharashtra)","[{""adm2_code"":17553,""adm2_name"":""Hyderabad""},{""adm2_code"":17562,""adm2_name"":""Nizamabad""},{""adm2_code"":17565,""adm2_name"":""Srikakulam""},{""adm2_code"":17566,""adm2_name"":""Vishakhapatnam""},{""adm2_code"":17567,""adm2_name"":""Vizianagaram""},{""adm2_code"":17770,""adm2_name"":""Latur""},{""adm2_code"":17772,""adm2_name"":""Nanded""},{""adm2_code"":17774,""adm2_name"":""Osmanabad""},{""adm2_code"":17786,""adm2_name"":""Aurangabad""},{""adm2_code"":70179,""adm2_name"":""Bid""},{""adm2_code"":70181,""adm2_name"":""Hingoli""},{""adm2_code"":70182,""adm2_name"":""Jalna""},{""adm2_code"":70186,""adm2_name"":""Parbhani""},{""adm2_code"":17814,""adm2_name"":""Koraput""},{""adm2_code"":70220,""adm2_name"":""Malkangiri""}]",2021,9,26,2021,9,29,20,,,,,,,90,Kph,,,2021-09-29,2025-12-20
2018-0286-IND,No,Natural,Hydrological,Flood,Flood (General),,IND,India,Odisha state,"[{""adm1_code"":1504,""adm1_name"":""Orissa""}]",2018,7,20,2018,7,23,20,,41430,,41430,,,,Km2,,,2018-08-09,2025-12-20
2021-0677-IND,No,Natural,Hydrological,Flood,Flood (General),,IND,India,"Idukki, Kottayam, Pathanamthitta, Kollam, Achankovil, Thiruvananthapuram(Kerala state)","[{""adm2_code"":17700,""adm2_name"":""Idukki""},{""adm2_code"":17702,""adm2_name"":""Kottayam""},{""adm2_code"":17706,""adm2_name"":""Pattanamtitta""},{""adm2_code"":17707,""adm2_name"":""Kollam""},{""adm2_code"":17709,""adm2_name"":""Thiruvananthapuram""}]",2021,10,11,2021,10,20,39,,3500,450,3950,,,,Km2,,,2021-10-18,2025-12-20
2018-0216-IND,No,Natural,Hydrological,Flood,Flood (General),,IND,India,Dakshina Kannada and Udupi districts,"[{""adm2_code"":17685,""adm2_name"":""Dakshin Kannad""},{""adm2_code"":70166,""adm2_name"":""Udupi""}]",2018,5,29,2018,5,31,12,,4945,,4945,2500,3205,,Km2,,,2018-07-20,2025-12-20
2018-0150-IND,No,Natural,Meteorological,Storm,Sand/Dust storm,,IND,India,"Rajasthan, Uttar Pradesh","[{""adm1_code"":1506,""adm1_name"":""Rajasthan""},{""adm1_code"":70081,""adm1_name"":""Uttar Pradesh""}]",2018,5,1,2018,5,10,143,200,,,200,24000,30770,,Kph,,,2018-05-22,2025-12-20
2018-0119-IND,No,Natural,Climatological,Wildfire,Forest fire,,IND,India,Tamil nadu,"[{""adm1_code"":1508,""adm1_name"":""Tamil Nadu""}]",2018,3,10,2018,3,10,17,,,,,,,,Km2,,,2018-04-16,2025-12-20
2021-0777-IND,No,Natural,Meteorological,Storm,Tropical cyclone,Tropical storm 'Jawad',IND,India,"Andhra Pradesh, Odisha, south-western West Bengal, Tripura","[{""adm1_code"":1485,""adm1_name"":""Andhra Pradesh""},{""adm1_code"":1504,""adm1_name"":""Orissa""},{""adm1_code"":1509,""adm1_name"":""Tripura""},{""adm1_code"":1511,""adm1_name"":""West Bengal""}]",2021,12,4,2021,12,6,5,400,1650,,2050,,,100,Kph,,,2021-12-06,2025-12-20
2017-0517-IND,No,Natural,Hydrological,Flood,Flood (General),,IND,India,"Uttar Pradesh (Siddharthnagar, Balarampur, Bahraich, Shravasti, Maharajganj, Barabanki, Lakhimpur Kheri, Gorakhpur, Muzaffarnagar, Gonda, Basti, Mirzapur, Khiri, Deoria, Sitapur, Bijnore, Faizabad, Pilibhit, Farrukhabad, Mau, Kushinagar, Badaun, Ambedkar nagar, Azamgarh, Santkabir Nagar, Ghazipur, Balia)","[{""adm2_code"":17892,""adm2_name"":""Azamgarh""},{""adm2_code"":17893,""adm2_name"":""Bahraich""},{""adm2_code"":17894,""adm2_name"":""Ballia""},{""adm2_code"":17896,""adm2_name"":""Bara Banki""},{""adm2_code"":17898,""adm2_name"":""Basti""},{""adm2_code"":17899,""adm2_name"":""Bijnor""},{""adm2_code"":17904,""adm2_name"":""Deoria""},{""adm2_code"":17907,""adm2_name"":""Faizabad""},{""adm2_code"":17908,""adm2_name"":""Farrukhabad""},{""adm2_code"":17912,""adm2_name"":""Ghazipur""},{""adm2_code"":17913,""adm2_name"":""Gonda""},{""adm2_code"":17914,""adm2_name"":""Gorakhpur""},{""adm2_code"":17921,""adm2_name"":""Lakhimpur Kheri""},{""adm2_code"":17927,""adm2_name"":""Mirzapur""},{""adm2_code"":17929,""adm2_name"":""Muzaffarnagar""},{""adm2_code"":17931,""adm2_name"":""Pilibhit""},{""adm2_code"":17938,""adm2_name"":""Sitapur""},{""adm2_code"":70257,""adm2_name"":""Ambedkar Nagar""},{""adm2_code"":70259,""adm2_name"":""Badaun""},{""adm2_code"":70261,""adm2_name"":""Balrampur""},{""adm2_code"":70271,""adm2_name"":""Kushinagar""},{""adm2_code"":70272,""adm2_name"":""Maharajganj""},{""adm2_code"":70274,""adm2_name"":""Mau""},{""adm2_code"":70275,""adm2_name"":""Sant Kabir Nagar""},{""adm2_code"":70277,""adm2_name"":""Shravasti""},{""adm2_code"":70278,""adm2_name"":""Siddharth Nagar""}]",2017,8,16,2017,8,23,101,,2700000,,2700000,,,,Km2,,,2017-12-11,2025-12-20
2017-0483-IND,No,Natural,Hydrological,Mass movement (wet),Landslide (wet),,IND,India,"Kotropi, Mandi district (Himachal Pradesh)","[{""adm2_code"":17673,""adm2_name"":""Mandi""}]",2017,8,13,2017,8,13,46,,,100,100,,,,,,,2017-11-23,2025-12-20
1999-0425-IND,Yes,Natural,Meteorological,Storm,Tropical cyclone,05B,IND,India,"Kendrapara, Jagatsinghpur, Khurda, Puri, Cuttack, Nayagarh, Bhadrak, Keonjhar, Dhenkanal, Balasore, Mayurbhang, Jajapur (Orissa, Andhra Pradesh, West Bengal states)",,1999,10,28,1999,10,30,9843,3312,12625000,,12628312,2500000,4831802,260,Kph,,,2006-07-07,2023-09-25
1997-0357-IND,Yes,Natural,Hydrological,Flood,Riverine flood,,IND,India,Guntoor (Guntur) and Prakasham districts (Andhra Pradesh),,1997,9,19,1997,9,24,25,,,,,,,,Km2,,,2005-10-28,2023-09-25
2017-0290-IND,No,Natural,Hydrological,Flood,Flood (General),,IND,India,"Imphal West, Imphal East, Thoubal, Bishnupur (Manipur)","[{""adm2_code"":70188,""adm2_name"":""Bishnupur""},{""adm2_code"":70191,""adm2_name"":""East Imphal""},{""adm2_code"":70194,""adm2_name"":""Thoubal""},{""adm2_code"":70196,""adm2_name"":""West Imphal""}]",2017,7,,2017,7,,,,12831,,12831,,,,Km2,,,2017-07-31,2025-12-20
2017-0266-IND,No,Natural,Hydrological,Mass movement (wet),Landslide (wet),,IND,India,"Laptap Village, Papumpare district (Arunachal Pradesh)","[{""adm2_code"":70085,""adm2_name"":""Papum Pare""}]",2017,7,11,2017,7,11,22,,,,,,,,,,,2017-07-18,2023-09-25
2017-0180-IND,No,Natural,Hydrological,Flood,Flood (General),,IND,India,"Lakhimpur, Karimganj, Darrang districts (Assam), Nagaland, Manipur, Jharkhand","[{""adm1_code"":1487,""adm1_name"":""Assam""},{""adm1_code"":1500,""adm1_name"":""Manipur""},{""adm1_code"":1503,""adm1_name"":""Nagaland""},{""adm1_code"":70078,""adm1_name"":""Jharkhand""}]",2017,6,4,2017,6,6,6,,100000,,100000,,,,Km2,,,2017-06-19,2025-12-20
2017-0152-IND,No,Natural,Meteorological,Storm,Tropical cyclone,Cyclone Mora,IND,India,"Manipur, Mizoram","[{""adm1_code"":1500,""adm1_name"":""Manipur""},{""adm1_code"":1502,""adm1_name"":""Mizoram""}]",2017,5,30,2017,5,31,,,1970,,1970,,,,Kph,,,2018-05-07,2025-12-20
2022-0590-IND,No,Natural,Hydrological,Flood,Flood (General),,IND,India,Uttar Pradesh,"[{""adm1_code"":70081,""adm1_name"":""Uttar Pradesh""}]",2022,9,18,2022,9,24,,,,,,,,,Km2,,,2022-09-20,2025-12-20
2016-0271-IND,No,Natural,Hydrological,Flood,Flood (General),,IND,India,"Biha, Uttar Pradeshr province (Varanasi, Allahabad, Ghazipur, Ballia, Banda, Jalaun, Ghaziabad, Patna, Bhagalpur, Vaishali, Buxar, Bhojpur, Sonepur, Saran, Begusarai, Samastipur, Lakhisarai, Khagaria, Munger, Nalanda, Katihar, Purnea, Katihar, Supual, Kisanganj, Madhepura, Gopalganj, Saharsa, Araria, East Champaran, Muzafferpur, Kishanganj, Purnea, Araria, Supaul, Bhagalpur, Darbhanga)","[{""adm1_code"":70073,""adm1_name"":""Bihar""},{""adm1_code"":70081,""adm1_name"":""Uttar Pradesh""}]",2016,7,15,2016,9,12,254,,1600000,,1600000,350000,469486,,Km2,,,2016-08-04,2025-12-20
2016-0239-IND,No,Natural,Hydrological,Flood,Flash flood,,IND,India,"Chamoli, Pithoragahr districts (Uttarakhand province), Assam, Arunachal Pradesh provinces","[{""adm1_code"":1487,""adm1_name"":""Assam""},{""adm1_code"":70072,""adm1_name"":""Arunachal Pradesh""},{""adm2_code"":17932,""adm2_name"":""Pithoragarh""},{""adm2_code"":70282,""adm2_name"":""Chamoli""}]",2016,6,25,2016,7,1,61,,,,,100000,134139,135742.3,Km2,27.068,93.95,2016-07-13,2025-12-20
2016-0195-IND,No,Natural,Hydrological,Mass movement (wet),Landslide (wet),,IND,India,Uttarakhand province,"[{""adm1_code"":70082,""adm1_name"":""Uttarakhand""}]",2016,5,22,2016,5,22,10,5,,,5,,,,,,,2016-06-24,2025-12-20
2023-0234-IND,No,Natural,Meteorological,Extreme temperature,Heat wave,,IND,India,Maharashtra state,,2023,4,,2023,4,,11,330,,,330,,,38,°C,,,2023-04-19,2023-09-26
2015-0600-IND,No,Natural,Meteorological,Storm,Lightning/Thunderstorms,,IND,India,Andhra Pradesh province,"[{""adm1_code"":1485,""adm1_name"":""Andhra Pradesh""}]",2015,5,19,2015,5,19,23,,,,,,,,Kph,,,2016-04-07,2025-12-20
2015-9618-IND,No,Natural,Climatological,Drought,Drought,,IND,India,"Tamil Nadu, Rajasthan, Jharkhand, Assam, Andhra Pradesh, Himachal Pradesh, Nagaland; Maharashtra, Bihar, Madhya Pradesh, Chhattisgarh, Telangana, Jharkand, Odisha states","[{""adm1_code"":1485,""adm1_name"":""Andhra Pradesh""},{""adm1_code"":1487,""adm1_name"":""Assam""},{""adm1_code"":1493,""adm1_name"":""Himachal Pradesh""},{""adm1_code"":1498,""adm1_name"":""Maharashtra""},{""adm1_code"":1503,""adm1_name"":""Nagaland""},{""adm1_code"":1504,""adm1_name"":""Orissa""},{""adm1_code"":1506,""adm1_name"":""Rajasthan""},{""adm1_code"":1508,""adm1_name"":""Tamil Nadu""},{""adm1_code"":70073,""adm1_name"":""Bihar""},{""adm1_code"":70075,""adm1_name"":""Chhattisgarh""},{""adm1_code"":70078,""adm1_name"":""Jharkhand""},{""adm1_code"":70079,""adm1_name"":""Madhya Pradesh""}]",2015,1,,2016,12,,,,330000000,,330000000,3000000,4074935,,Km2,,,2016-04-11,2025-12-20
2023-0428-IND,No,Natural,Hydrological,Flood,Flood (General),,IND,India,"Himachal Pradesh, Uttarakhand, Delhi, Bihar, Madyah Pradesh, Maharashtra, Chhattisgarh, Gujarat, Punjab, Karnataka, Assam",,2023,6,25,2023,9,7,1529,,10250000,,10250000,,,,Km2,,,2023-07-14,2024-03-25
2015-0476-IND,No,Natural,Geophysical,Earthquake,Ground movement,,IND,India,"Administrative unit not available districts (Jammu and Kashmir province), Delhi, Punjab provinces","[{""adm1_code"":1489,""adm1_name"":""Delhi""},{""adm1_code"":1505,""adm1_name"":""Punjab""},{""adm2_code"":72802,""adm2_name"":""Administrative unit not available""},{""adm2_code"":72789,""adm2_name"":""Administrative unit not available""},{""adm2_code"":72810,""adm2_name"":""Administrative unit not available""},{""adm2_code"":72851,""adm2_name"":""Administrative unit not available""}]",2015,10,26,2015,10,26,,10,,,10,,,7.5,Moment Magnitude,36.5244,70.3676,2015-10-28,2025-12-20
2023-0486-IND,No,Natural,Hydrological,Flood,Flood (General),,IND,India,Mulugu District (western Telangana),,2023,7,27,2023,7,31,23,,,,,,,,Km2,,,2023-07-31,2023-09-26
2015-0450-IND,No,Natural,Meteorological,Storm,Lightning/Thunderstorms,,IND,India,"Deogarh, Nabarangpur, Malkangiri districts (Orissa province), Andhra Pradesh province","[{""adm1_code"":1485,""adm1_name"":""Andhra Pradesh""},{""adm2_code"":70212,""adm2_name"":""Deogarh""},{""adm2_code"":70220,""adm2_name"":""Malkangiri""},{""adm2_code"":70221,""adm2_name"":""Nabarangpur""}]",2015,9,6,2015,9,6,32,,,,,,,,Kph,,,2015-10-12,2025-12-20
2023-0547-IND,No,Natural,Hydrological,Mass movement (wet),Landslide (wet),,IND,India,Himachal Pradesh and Uttarakhand states,,2023,8,23,2023,8,24,10,,605,,605,,,,,,,2023-08-28,2024-03-25
2023-0548-IND,No,Natural,Hydrological,Mass movement (wet),Landslide (wet),,IND,India,Mizoram State,"[{""adm1_code"":1502,""adm1_name"":""Mizoram""}]",2023,8,23,2023,8,23,26,2,,,2,,,,,,,2023-08-28,2025-12-20
2015-0413-IND,No,Natural,Hydrological,Flood,Flood (General),,IND,India,"Sonitpur, Lakhimpur, Kokrajhar, Dhemaji districts (Assam province), Arunachal Pradesh province","[{""adm1_code"":70036,""adm1_name"":""Administrative unit not available""},{""adm1_code"":70037,""adm1_name"":""Administrative unit not available""},{""adm1_code"":70072,""adm1_name"":""Arunachal Pradesh""},{""adm2_code"":17593,""adm2_name"":""Sonitpur""},{""adm2_code"":70087,""adm2_name"":""Dhemaji""},{""adm2_code"":70090,""adm2_name"":""Kokrajhar""},{""adm2_code"":70091,""adm2_name"":""Lakhimpur""}]",2015,7,14,2015,7,16,,,85250,,85250,,,,Km2,,,2015-09-10,2025-12-20
2015-0406-IND,No,Natural,Hydrological,Flood,Flood (General),,IND,India,"Dhemaji, Kokrajhar, Bongaigaon, Sonitpur, Barpeta, Goalpara, Marigaon, Cachar, Lakhimpur, Jorhat, Tinsukia, Darrang, Nalbari, Kamrup, Dibrugarh, Sibsagar districts (Assam province)","[{""adm2_code"":17576,""adm2_name"":""Barpeta""},{""adm2_code"":17577,""adm2_name"":""Cachar""},{""adm2_code"":17578,""adm2_name"":""Darrang""},{""adm2_code"":17580,""adm2_name"":""Dibrugarh""},{""adm2_code"":17581,""adm2_name"":""Goalpara""},{""adm2_code"":17583,""adm2_name"":""Kamrup""},{""adm2_code"":17590,""adm2_name"":""Nalbari""},{""adm2_code"":17592,""adm2_name"":""Sibsagar""},{""adm2_code"":17593,""adm2_name"":""Sonitpur""},{""adm2_code"":70086,""adm2_name"":""Bongaigaon""},{""adm2_code"":70087,""adm2_name"":""Dhemaji""},{""adm2_code"":70089,""adm2_name"":""Jorhat""},{""adm2_code"":70090,""adm2_name"":""Kokrajhar""},{""adm2_code"":70091,""adm2_name"":""Lakhimpur""},{""adm2_code"":70092,""adm2_name"":""Marigaon""},{""adm2_code"":70093,""adm2_name"":""Tinsukia""}]",2015,8,28,2015,8,30,18,,736000,51000,787000,,,,Km2,,,2015-09-04,2025-12-20
2015-0333-IND,No,Natural,Hydrological,Flood,Riverine flood,,IND,India,"Rajasthan, Uttar Pradesh, Jammu and Kashmir, Arunachal Pradesh, Uttarakhand, Punjab, Haryana, Himachal Pradesh provinces","[{""adm1_code"":1492,""adm1_name"":""Haryana""},{""adm1_code"":1493,""adm1_name"":""Himachal Pradesh""},{""adm1_code"":1505,""adm1_name"":""Punjab""},{""adm1_code"":1506,""adm1_name"":""Rajasthan""},{""adm1_code"":40408,""adm1_name"":""Administrative unit not available""},{""adm1_code"":40409,""adm1_name"":""Administrative unit not available""},{""adm1_code"":40422,""adm1_name"":""Administrative unit not available""},{""adm1_code"":40423,""adm1_name"":""Administrative unit not available""},{""adm1_code"":40424,""adm1_name"":""Administrative unit not available""},{""adm1_code"":40425,""adm1_name"":""Administrative unit not available""},{""adm1_code"":40426,""adm1_name"":""Administrative unit not available""},{""adm1_code"":40427,""adm1_name"":""Administrative unit not available""},{""adm1_code"":40428,""adm1_name"":""Administrative unit not available""},{""adm1_code"":40429,""adm1_name"":""Administrative unit not available""},{""adm1_code"":40430,""adm1_name"":""Administrative unit not available""},{""adm1_code"":40431,""adm1_name"":""Administrative unit not available""},{""adm1_code"":70036,""adm1_name"":""Administrative unit not available""},{""adm1_code"":70037,""adm1_name"":""Administrative unit not available""},{""adm1_code"":70072,""adm1_name"":""Arunachal Pradesh""},{""adm1_code"":70081,""adm1_name"":""Uttar Pradesh""},{""adm1_code"":70082,""adm1_name"":""Uttarakhand""}]",2015,7,7,2015,7,13,25,,,,,,,,Km2,,,2015-08-07,2025-12-20
2015-0317-IND,No,Natural,Hydrological,Flood,Riverine flood,,IND,India,"Kachchh, Patan, Banas Kantha districts (Gujarat province), Malda, Jalpaiguri districts (West Bengal province), Jorhat, Dhemaji, Lakhimpur, Dhuburi, Darrang, Goalpara, Karbi Anglong, Marigaon districts (Assam province), Manipur, Orissa, Rajasthan, Madhya Pradesh provinces","[{""adm1_code"":1500,""adm1_name"":""Manipur""},{""adm1_code"":1504,""adm1_name"":""Orissa""},{""adm1_code"":1506,""adm1_name"":""Rajasthan""},{""adm1_code"":70079,""adm1_name"":""Madhya Pradesh""},{""adm2_code"":17578,""adm2_name"":""Darrang""},{""adm2_code"":17579,""adm2_name"":""Dhuburi""},{""adm2_code"":17581,""adm2_name"":""Goalpara""},{""adm2_code"":17584,""adm2_name"":""Karbi Anglong""},{""adm2_code"":70087,""adm2_name"":""Dhemaji""},{""adm2_code"":70089,""adm2_name"":""Jorhat""},{""adm2_code"":70091,""adm2_name"":""Lakhimpur""},{""adm2_code"":70092,""adm2_name"":""Marigaon""},{""adm2_code"":17637,""adm2_name"":""Banas Kantha""},{""adm2_code"":17643,""adm2_name"":""Kachchh""},{""adm2_code"":70129,""adm2_name"":""Patan""},{""adm2_code"":17951,""adm2_name"":""Jalpaiguri""},{""adm2_code"":17953,""adm2_name"":""Maldah""}]",2015,7,15,2015,8,19,293,,13709887,,13709887,,,629961.6,Km2,26.2074,82.62,2015-08-04,2025-12-20
2023-0812-IND,No,Natural,Meteorological,Storm,Severe weather,,IND,India,Gujarat state,,2023,11,26,2023,11,27,24,25,,,25,,,,Kph,,,2023-11-28,2023-12-01
2015-0249-IND,No,Natural,Hydrological,Flood,Riverine flood,,IND,India,"Amreli, Rajkot, Surat districts (Gujarat province), Maharashtra province","[{""adm1_code"":1498,""adm1_name"":""Maharashtra""},{""adm2_code"":17636,""adm2_name"":""Amreli""},{""adm2_code"":17647,""adm2_name"":""Rajkot""},{""adm2_code"":17649,""adm2_name"":""Surat""}]",2015,6,19,2015,6,20,81,,9000,,9000,604000,820420,43781.56,Km2,21.8734,70.76,2015-07-15,2025-12-20
2015-0189-IND,No,Natural,Meteorological,Extreme temperature,Heat wave,,IND,India,"Delhi, Andhra Pradesh, Orissa provinces","[{""adm1_code"":1485,""adm1_name"":""Andhra Pradesh""},{""adm1_code"":1489,""adm1_name"":""Delhi""},{""adm1_code"":1504,""adm1_name"":""Orissa""}]",2015,5,20,2015,5,31,2248,,,,,,,48,°C,,,2015-06-01,2025-12-20
2015-0164-IND,No,Natural,Meteorological,Storm,Severe weather,,IND,India,"Purnia, Madhepura, Madhubani, Supaul, Sitamarhi districts (Bihar province)","[{""adm2_code"":17611,""adm2_name"":""Madhubani""},{""adm2_code"":17612,""adm2_name"":""Madhepura""},{""adm2_code"":17621,""adm2_name"":""Purnia""},{""adm2_code"":17630,""adm2_name"":""Sitamarhi""},{""adm2_code"":70104,""adm2_name"":""Supaul""}]",2015,4,21,2015,4,21,100,100,125000,,125100,160000,217330,150,Kph,,,2015-05-20,2025-12-20
2024-0399-IND,No,Natural,Hydrological,Flood,Flash flood,,IND,India,Assam and Meghalaya states,,2024,5,,2024,7,8,48,,2100000,,2100000,,,,Km2,,,2024-06-21,2024-10-22
2014-0408-IND,No,Natural,Hydrological,Flood,Riverine flood,,IND,India,"Shravasti, Balrampur, Sitapur, Lakhimpur Kheri, Gonda, Bara Banki, Faizabad, Azamgarh districts (Uttar Pradesh province), Uttarakhand, Bihar, Assam provinces","[{""adm1_code"":1487,""adm1_name"":""Assam""},{""adm1_code"":70073,""adm1_name"":""Bihar""},{""adm1_code"":70082,""adm1_name"":""Uttarakhand""},{""adm2_code"":17892,""adm2_name"":""Azamgarh""},{""adm2_code"":17896,""adm2_name"":""Bara Banki""},{""adm2_code"":17907,""adm2_name"":""Faizabad""},{""adm2_code"":17913,""adm2_name"":""Gonda""},{""adm2_code"":17921,""adm2_name"":""Lakhimpur Kheri""},{""adm2_code"":17938,""adm2_name"":""Sitapur""},{""adm2_code"":70261,""adm2_name"":""Balrampur""},{""adm2_code"":70277,""adm2_name"":""Shravasti""}]",2014,8,16,2014,9,1,94,,500000,,500000,,,,Km2,,,2014-10-15,2025-12-20
2014-0391-IND,No,Natural,Hydrological,Flood,Riverine flood,,IND,India,"Tura village (West Garo Hills district, Meghalaya province), Goalpara, Kamrup districts (Assam province)","[{""adm2_code"":17581,""adm2_name"":""Goalpara""},{""adm2_code"":17583,""adm2_name"":""Kamrup""},{""adm2_code"":17796,""adm2_name"":""West Garo Hills""}]",2014,9,24,2014,10,11,95,,,650000,650000,163000,221667,61894.97,Km2,,,2014-10-10,2025-12-20
2014-0343-IND,No,Natural,Hydrological,Flood,Riverine flood,,IND,India,Jammu and Kashmir provinces,"[{""adm1_code"":40422,""adm1_name"":""Administrative unit not available""},{""adm1_code"":40423,""adm1_name"":""Administrative unit not available""},{""adm1_code"":40424,""adm1_name"":""Administrative unit not available""},{""adm1_code"":40425,""adm1_name"":""Administrative unit not available""},{""adm1_code"":40426,""adm1_name"":""Administrative unit not available""},{""adm1_code"":40427,""adm1_name"":""Administrative unit not available""},{""adm1_code"":40428,""adm1_name"":""Administrative unit not available""},{""adm1_code"":40429,""adm1_name"":""Administrative unit not available""},{""adm1_code"":40430,""adm1_name"":""Administrative unit not available""},{""adm1_code"":40431,""adm1_name"":""Administrative unit not available""}]",2014,9,,2014,9,,298,,275000,,275000,16000000,21758767,,Km2,,,2014-10-01,2025-12-20
1994-0352-IND,Yes,Natural,Meteorological,Storm,Tropical cyclone,,IND,India,"Tamil Nadu, Andhra Pradesh, Karnataka states",,1994,10,31,1994,11,4,208,,428500,,428500,19100,41485,125,Kph,,,2006-07-13,2023-09-25
2014-0218-IND,No,Natural,Hydrological,Flood,Riverine flood,,IND,India,Assam province,"[{""adm1_code"":1487,""adm1_name"":""Assam""}]",2014,6,26,2014,6,28,27,,18500,,18500,2000,2720,49220,Km2,,,2014-07-16,2025-12-20
2025-0217-IND,No,Natural,Meteorological,Storm,Severe weather,,IND,India,"Ganjam, Puri, Mayurbhanj districts (Odisha state)",,2025,3,22,2025,3,26,2,67,3000,,3067,2900,2900,,Kph,,,2025-03-27,2025-04-01
2025-0339-IND,No,Natural,Meteorological,Storm,Severe weather,,IND,India,"Kheda, Dahod, Vadodara, Ahmedabad, Aravalli, Panchmahal districts (Gujarat state)",,2025,5,4,2025,5,7,14,16,35,,51,,,,Kph,,,2025-05-07,2025-05-16
2025-0469-IND,No,Natural,Hydrological,Flood,Flash flood,,IND,India,"Himachal Pradesh, Uttarakhand",,2025,6,20,2025,7,7,140,74,80000,,80074,,,,Km2,,,2025-07-07,2025-07-16
2013-0282-IND,No,Natural,Hydrological,Flood,Flood (General),,IND,India,"Dhemaji, Tinsukia, Nagaon, Golaghat, Jorhat, Kamrup, Karimganj, Lakhimpur, Morigaon, Sibsaga, Bongaigaon, Kokrajhar districts (Assam province)","[{""adm2_code"":17582,""adm2_name"":""Golaghat""},{""adm2_code"":17583,""adm2_name"":""Kamrup""},{""adm2_code"":17585,""adm2_name"":""Karimganj""},{""adm2_code"":17589,""adm2_name"":""Nagaon""},{""adm2_code"":17592,""adm2_name"":""Sibsagar""},{""adm2_code"":70086,""adm2_name"":""Bongaigaon""},{""adm2_code"":70087,""adm2_name"":""Dhemaji""},{""adm2_code"":70089,""adm2_name"":""Jorhat""},{""adm2_code"":70090,""adm2_name"":""Kokrajhar""},{""adm2_code"":70091,""adm2_name"":""Lakhimpur""},{""adm2_code"":70092,""adm2_name"":""Marigaon""},{""adm2_code"":70093,""adm2_name"":""Tinsukia""}]",2013,6,23,2013,7,15,80,,2000000,,2000000,,,38019.26,Km2,27.387,94.92,2014-03-20,2025-12-20
2013-0260-IND,No,Natural,Hydrological,Flood,Riverine flood,,IND,India,"Sultanpur, Sitapur, Rae Bareli, Bara Banki, Faizabad, Gorakhpur, Basti, Kushinagar, Bahraich, Gonda, Shravasti districts (Uttar Pradesh province)","[{""adm2_code"":17893,""adm2_name"":""Bahraich""},{""adm2_code"":17896,""adm2_name"":""Bara Banki""},{""adm2_code"":17898,""adm2_name"":""Basti""},{""adm2_code"":17907,""adm2_name"":""Faizabad""},{""adm2_code"":17913,""adm2_name"":""Gonda""},{""adm2_code"":17914,""adm2_name"":""Gorakhpur""},{""adm2_code"":17934,""adm2_name"":""Rae Bareli""},{""adm2_code"":17938,""adm2_name"":""Sitapur""},{""adm2_code"":17939,""adm2_name"":""Sultanpur""},{""adm2_code"":70271,""adm2_name"":""Kushinagar""},{""adm2_code"":70277,""adm2_name"":""Shravasti""}]",2013,7,9,2013,7,10,174,,500000,,500000,2000,2764,,Km2,,,2013-11-28,2023-09-25
2013-0138-IND,No,Natural,Meteorological,Storm,Tropical cyclone,Tropical cyclone Mahasen,IND,India,Andhra Pradesh province,"[{""adm1_code"":1485,""adm1_name"":""Andhra Pradesh""}]",2013,5,16,2013,5,16,8,4,,,4,,,,Kph,,,2014-01-15,2025-12-20
2025-0803-IND,No,Natural,Hydrological,Flood,Flash flood,,IND,India,"Dehradun, Champawat, Haridwar, Pauri Garhwal, Bageshwar, Pithoragarh, Nainital, and Udham Singh Nagar districts (Uttarakhand State)",,2025,9,15,2025,9,17,33,,900,,900,,,,Km2,,,2025-09-26,2025-09-29
2012-0334-IND,No,Natural,Hydrological,Flood,Riverine flood,,IND,India,"Palchan village (Kullu district, Himachal Pradesh province), Uttarkashi, Rudra Prayag, Chamoli districts (Uttarakhand province), Moradabad district (Uttar Pradesh province), Kathua village (72780 district, Jammu and Kashmir province)","[{""adm2_code"":17671,""adm2_name"":""Kullu""},{""adm2_code"":72780,""adm2_name"":""Administrative unit not available""},{""adm2_code"":17928,""adm2_name"":""Moradabad""},{""adm2_code"":70282,""adm2_name"":""Chamoli""},{""adm2_code"":70286,""adm2_name"":""Rudra Prayag""},{""adm2_code"":70289,""adm2_name"":""Uttarkashi""}]",2012,8,4,2012,8,9,30,,1200,,1200,110000,154245,31390,Km2,30.1135,78.85,2013-02-06,2025-12-20
2012-0322-IND,No,Natural,Hydrological,Flood,Riverine flood,,IND,India,"Jaipur, Dhaulpur, Dausa, Tonk, Jhunjhunun, Sikar, Hanumangarh, Bikaner districts (Rajasthan province), Anjaw (70044), 70045, 70050, Lower Dibang Valley, Upper Siang (70051) districts (Arunachal Pradesh province)","[{""adm2_code"":17840,""adm2_name"":""Bikaner""},{""adm2_code"":17844,""adm2_name"":""Dhaulpur""},{""adm2_code"":17847,""adm2_name"":""Jaipur""},{""adm2_code"":17851,""adm2_name"":""Jhunjhunun""},{""adm2_code"":17857,""adm2_name"":""Sikar""},{""adm2_code"":17859,""adm2_name"":""Tonk""},{""adm2_code"":70237,""adm2_name"":""Dausa""},{""adm2_code"":70238,""adm2_name"":""Hanumangarh""},{""adm2_code"":70044,""adm2_name"":""Administrative unit not available""},{""adm2_code"":70045,""adm2_name"":""Administrative unit not available""},{""adm2_code"":70050,""adm2_name"":""Administrative unit not available""},{""adm2_code"":70051,""adm2_name"":""Administrative unit not available""}]",2012,8,21,2012,8,23,37,,,37500,37500,,,,Km2,,,2013-02-06,2025-12-20
2020-0206-IND,No,Natural,Hydrological,Flood,Flood (General),,IND,India,"Lakhimpur, Sontipur, Darrang, Goalpara (Assam state); Sikkim state","[{""adm1_code"":1507,""adm1_name"":""Sikkim""},{""adm2_code"":17578,""adm2_name"":""Darrang""},{""adm2_code"":17581,""adm2_name"":""Goalpara""},{""adm2_code"":17593,""adm2_name"":""Sonitpur""},{""adm2_code"":70091,""adm2_name"":""Lakhimpur""}]",2020,5,24,2020,5,26,1,2,30000,,30002,,,,Km2,,,2020-05-27,2025-12-20
2020-0249-IND,No,Natural,Hydrological,Flood,Flood (General),,IND,India,Jammu region,"[{""adm1_code"":40408,""adm1_name"":""Administrative unit not available""},{""adm1_code"":40409,""adm1_name"":""Administrative unit not available""},{""adm1_code"":40422,""adm1_name"":""Administrative unit not available""},{""adm1_code"":40423,""adm1_name"":""Administrative unit not available""},{""adm1_code"":40424,""adm1_name"":""Administrative unit not available""},{""adm1_code"":40425,""adm1_name"":""Administrative unit not available""},{""adm1_code"":40426,""adm1_name"":""Administrative unit not available""},{""adm1_code"":40427,""adm1_name"":""Administrative unit not available""},{""adm1_code"":40428,""adm1_name"":""Administrative unit not available""},{""adm1_code"":40429,""adm1_name"":""Administrative unit not available""},{""adm1_code"":40430,""adm1_name"":""Administrative unit not available""},{""adm1_code"":40431,""adm1_name"":""Administrative unit not available""}]",2020,6,1,2020,6,9,,,5000,,5000,,,,Km2,,,2020-06-19,2025-12-20
1975-0014-IND,Yes,Natural,Geophysical,Earthquake,Ground movement,,IND,India,"Kinnaur district, Kashmir; Himachal Pradesh",,1975,1,19,1975,1,19,47,,,,,,,6.8,Moment Magnitude,32.455,78.43,2004-01-27,2023-09-25
1975-0037-IND,Yes,Natural,Hydrological,Flood,Flood (General),,IND,India,"Northwest, Bihar",,1975,7,,1975,7,,350,,27000000,7000000,34000000,714259,4272851,,Km2,,,2003-07-01,2023-09-25
1975-0056-IND,Yes,Natural,Meteorological,Storm,Storm (General),Cyclone 'Sixteen' (16A),IND,India,Gujarat,,1975,10,22,1975,10,22,21,,,,,,,155,Kph,,,2003-07-01,2026-04-22
1975-0058-IND,Yes,Natural,Meteorological,Storm,Tropical cyclone,,IND,India,Madras city,,1975,11,24,1975,11,24,,,,2000,2000,,,,Kph,,,2003-07-01,2023-09-25
1976-0063-IND,Yes,Natural,Meteorological,Storm,Tropical cyclone,,IND,India,"Midnapore, Parganas districts (West Bengal), Balasore district (Orissa)",,1976,9,8,1976,9,8,40,,,,,,,,Kph,,,2003-07-01,2023-09-25
1976-0143-IND,Yes,Natural,Meteorological,Storm,Tropical cyclone,,IND,India,"Gujarat, Maharastra",,1976,5,29,1976,5,29,87,,250000,,250000,3378,19110,,Kph,,,2003-07-01,2023-09-25
1977-0094-IND,Yes,Natural,Hydrological,Flood,Riverine flood,,IND,India,Ganges region,,1977,8,,1977,8,,500,,1000000,,1000000,,,,Km2,,,2003-07-01,2023-09-25
1977-0121-IND,Yes,Natural,Hydrological,Flood,Flood (General),,IND,India,Tamil Nadu,,1977,10,,1977,10,,60,,45000,,45000,,,,Km2,,,2003-07-01,2023-09-25
1978-0063-IND,Yes,Natural,Meteorological,Extreme temperature,Heat wave,,IND,India,,,1978,5,,1978,5,,150,,,,,,,,°C,,,2003-07-01,2023-09-25
1978-0134-IND,Yes,Natural,Meteorological,Storm,Storm (General),,IND,India,,,1978,11,25,1978,11,25,15,,1000,,1000,,,,Kph,,,2003-07-01,2023-09-25
1979-0030-IND,Yes,Natural,Hydrological,Mass movement (wet),Landslide (wet),,IND,India,"Lahaul, Pangi",,1979,3,,1979,3,,230,,5000,,5000,,,,,,,2003-07-01,2023-09-25
1979-0060-IND,Yes,Natural,Hydrological,Flood,Flood (General),,IND,India,"North West, North, North East",,1979,7,,1979,7,,100,,1000000,10000,1010000,100000,443600,,Km2,,,2003-07-01,2023-09-25
1979-0061-IND,Yes,Natural,Meteorological,Extreme temperature,Heat wave,,IND,India,Rajasthan,,1979,7,,1979,7,,100,,,,,,,,°C,,,2003-07-01,2023-09-25
1980-0012-IND,Yes,Natural,Meteorological,Extreme temperature,Cold wave,,IND,India,Bihar,,1980,1,,1980,1,,79,,,,,,,,°C,,,2003-07-01,2023-09-25
1980-0227-IND,Yes,Natural,Meteorological,Storm,Tropical cyclone,,IND,India,"Srikakulam, Visakhapatnam, East & West Godavari districts (Andhra Pradesh)",,1980,10,16,1980,10,16,28,,,,,,,,Kph,,,2003-07-01,2023-09-25
1981-0063-IND,Yes,Natural,Hydrological,Flood,Flood (General),,IND,India,,,1981,7,4,1981,7,4,553,,16000000,,16000000,250000,885188,,Km2,,,2003-07-01,2023-09-25
1981-0107-IND,Yes,Natural,Meteorological,Storm,Tropical cyclone,,IND,India,"Orissa, West Bengal",,1981,12,10,1981,12,10,200,,20000,,20000,,,,Kph,,,2003-07-01,2023-09-25
1983-0087-IND,Yes,Natural,Meteorological,Storm,Tropical cyclone,,IND,India,Saurashtra coast (N-W. Gujarat),,1983,6,19,1983,6,19,551,,800000,,800000,56000,181012,,Kph,,,2003-07-01,2023-09-25
1983-0153-IND,Yes,Natural,Hydrological,Flood,Flood (General),,IND,India,Tamil Nadu,,1983,12,,1983,12,,58,,,,,,,,Km2,,,2003-07-01,2023-09-25
1984-0325-IND,Yes,Natural,Hydrological,Flood,Flood (General),,IND,India,North-East region,,1984,9,,1984,9,,36,,,,,,,,Km2,,,2003-07-01,2023-09-25
1986-0294-IND,Yes,Natural,Hydrological,Mass movement (wet),Landslide (wet),,IND,India,"Uttar Pradesh, Himachal Pradesh",,1986,7,,1986,7,,88,,,2500000,2500000,,,,,,,2003-07-01,2023-09-25
1987-0104-IND,Yes,Natural,Meteorological,Extreme temperature,Heat wave,,IND,India,Rajasthan,,1987,6,,1987,6,,100,,,,,,,,°C,,,2003-07-01,2023-09-25
1987-0341-IND,Yes,Natural,Meteorological,Storm,Storm (General),,IND,India,"Bihar, Uttar Pradesh",,1987,5,,1987,5,,63,,,,,,,,Kph,,,2003-07-01,2023-09-25
1987-0386-IND,Yes,Natural,Hydrological,Flood,Flood (General),,IND,India,Cachemire,,1987,5,,1987,5,,25,,,,,,,,Km2,,,2003-07-01,2023-09-25
1988-0125-IND,Yes,Natural,Hydrological,Mass movement (wet),Avalanche (wet),,IND,India,"Jammu and Kashmir, Ladakh",,1988,3,15,1988,3,15,250,,,,,,,,,,,2003-07-01,2023-09-25
1988-0183-IND,Yes,Natural,Meteorological,Extreme temperature,Heat wave,,IND,India,"Northern, Western, Central India",,1988,5,,1988,5,,418,200,,,200,,,,°C,,,2003-07-01,2023-09-25
1988-0190-IND,Yes,Natural,Meteorological,Extreme temperature,Heat wave,,IND,India,Rajasthan,,1988,5,,1988,5,,32,,,,,,,,°C,,,2003-07-01,2023-09-25
1989-0234-IND,Yes,Natural,Meteorological,Storm,Tropical cyclone,,IND,India,Southern India,,1989,11,9,1989,11,9,50,,,,,,,,Kph,,,2003-07-01,2023-09-25
1990-0414-IND,Yes,Natural,Hydrological,Flood,Riverine flood,,IND,India,Tami Nadu state,,1990,10,24,1990,10,28,60,,,,,,,,Km2,,,2005-12-01,2023-09-25
1991-0278-IND,Yes,Natural,Hydrological,Flood,Riverine flood,,IND,India,"Bombay, Kerala, Gujarat",,1991,6,10,1991,6,12,72,,300000,,300000,100000,236390,491400,Km2,,,2007-08-08,2023-09-25
1991-0338-IND,Yes,Natural,Hydrological,Flood,Coastal flood,,IND,India,"Assam, Tripura, Arunachal, Mizorem",,1991,5,7,1991,5,8,30,,2000000,,2000000,,,,Km2,,,2005-11-25,2023-09-25
1991-0374-IND,Yes,Natural,Meteorological,Storm,Tropical cyclone,4B,IND,India,"Andhra Pradesh, Tamil Nadu, Pondicherry",,1991,11,12,1991,11,19,125,,25000,,25000,,,,Kph,,,2006-01-08,2023-09-25
1991-0527-IND,Yes,Natural,Hydrological,Flood,Riverine flood,,IND,India,"Andhra Pradesh, Maharashtra, Orissa, Gujarat, Madhya Pradesh",,1991,7,30,1991,7,30,524,,,100000,100000,,,,Km2,,,2006-01-08,2023-09-25
1992-0147-IND,Yes,Natural,Hydrological,Flood,Riverine flood,,IND,India,"Vamanapuram, Amravilla (Trivadrum district, Kerala state)",,1992,10,8,1992,10,8,51,,500,,500,182100,417811,,Km2,,,2003-07-01,2023-09-25
1992-0333-IND,Yes,Natural,Hydrological,Flood,Riverine flood,,IND,India,Orissa state,,1992,7,26,1992,7,31,16,,3000000,,3000000,,,,Km2,,,2005-11-25,2023-09-25
1993-0218-IND,Yes,Natural,Hydrological,Flood,Flash flood,,IND,India,Karnataka state,,1993,10,11,1993,10,21,35,,,10000,10000,,,,Km2,,,2005-11-18,2023-09-25
1995-0006-IND,Yes,Natural,Hydrological,Mass movement (wet),Avalanche (wet),,IND,India,Kashmir province,,1995,1,16,1995,1,16,200,250,5000,,5250,,,,,,,2010-02-16,2023-09-25
1995-0112-IND,Yes,Natural,Meteorological,Extreme temperature,Heat wave,,IND,India,"Bihar, Punjab, Haryana and Jammu, Kashmir, Tamil Nadu, Maharashtra, Orissa, Uttar Pradesh, New Delhi, Rajasthan, Madhya Pradesh",,1995,5,8,1995,6,21,558,,,,,,,50,°C,,,2005-12-15,2023-09-25
1995-0118-IND,Yes,Natural,Hydrological,Mass movement (wet),Landslide (wet),,IND,India,Mizoram State,,1995,6,3,1995,6,3,40,,,14285,14285,4500,9507,,,,,2003-07-01,2023-09-25
1995-0462-IND,Yes,Natural,Meteorological,Storm,Tropical cyclone,,IND,India,Andhra Pradesh,,1995,10,20,1995,10,23,94,,12000,,12000,2000,4225,,Kph,,,2006-07-11,2023-09-25
1996-0298-IND,Yes,Natural,Meteorological,Storm,Tropical cyclone,,IND,India,Andhra Pradesh,,1996,12,4,1996,12,4,6,,335000,,335000,,,180,Kph,,,2003-07-01,2023-09-25
1996-0503-IND,Yes,Natural,Hydrological,Flood,Riverine flood,,IND,India,"Kishanganj, Darbhanga, Sitamarhi, Saharsa districts (Bihar state)",,1996,7,17,1996,8,10,74,,4000000,,4000000,980,2012,171900,Km2,,,2009-02-03,2023-09-25
1997-0260-IND,Yes,Natural,Hydrological,Flood,Flood (General),,IND,India,"Andhra Pradesh, Arunachal Pradesh, Assam, Bihar, Gujarat, Himachal Pradesh, Jammu and Kashmir, Karnataka, Kerala, Maharashtra, Madyha Pradesh, Orissa, Punjab, Rajasthan, Sikkim, Uttar Pradesh, West Bengal states",,1997,9,,1997,9,,1442,,29259000,,29259000,,,21840,Km2,,,2003-07-01,2023-09-25
1997-0337-IND,Yes,Natural,Hydrological,Flood,Riverine flood,,IND,India,"Mehsana, Gandhi Nagar, Ahmedabad, Kheda, Sabarkanda, Vadodra, Banaskanda, Surender Nagar districts (Gujarat state)",,1997,6,22,1997,6,28,111,,1000000,,1000000,153800,308472,,Km2,,,2006-07-09,2023-09-25
1900-9001-IND,Yes,Natural,Climatological,Drought,Drought,,IND,India,Bengal,,1900,,,1900,,,1250000,,,,,,,,Km2,,,2006-12-01,2025-03-06
1935-0015-IND,Yes,Natural,Meteorological,Storm,Tropical cyclone,,IND,India,,,1935,,,1935,,,60000,,,,,,,,Kph,,,2003-07-01,2023-09-25
1942-0009-IND,Yes,Natural,Meteorological,Storm,Tropical cyclone,,IND,India,"Orissa, West Bengal",,1942,10,14,1942,10,14,40000,,,,,,,,Kph,,,2003-07-01,2023-09-25
1943-0012-IND,Yes,Natural,Meteorological,Storm,Storm (General),,IND,India,Madras,,1943,10,3,1943,10,3,,,30000,,30000,,,,Kph,,,2003-07-01,2023-09-25
1944-0006-IND,Yes,Natural,Meteorological,Storm,Tropical cyclone,,IND,India,Assam,,1944,6,14,1944,6,14,304,,,,,,,,Kph,,,2003-07-01,2023-09-25
1945-0005-IND,Yes,Natural,Meteorological,Storm,Tropical cyclone,,IND,India,"Gujarat, Punjab",,1945,9,18,1945,9,18,,,,2000,2000,,,,Kph,,,2003-07-01,2023-09-25
1948-0008-IND,Yes,Natural,Hydrological,Mass movement (wet),Landslide (wet),,IND,India,Assam,,1948,9,18,1948,9,18,500,,,,,,,,,,,2003-07-01,2023-09-25
1950-0011-IND,Yes,Natural,Meteorological,Storm,Storm (General),,IND,India,West,,1950,9,12,1950,9,12,90,,,,,,,,Kph,,,2003-07-01,2023-09-25
1952-0025-IND,Yes,Natural,Meteorological,Storm,Storm (General),,IND,India,,,1952,9,,1952,9,,350,,,,,,,,Kph,,,2003-07-01,2023-09-25
1955-0015-IND,Yes,Natural,Meteorological,Storm,Tropical cyclone,,IND,India,Punjab,,1955,9,28,1955,9,28,1500,,,375000,375000,,,,Kph,,,2005-05-02,2023-09-25
1956-0038-IND,Yes,Natural,Geophysical,Earthquake,Ground movement,,IND,India,"Anjar, Bhuj, Gandhidham, Kandla",,1956,7,21,1956,7,21,113,219,,,219,,,6.1,Moment Magnitude,23,70,2004-04-13,2023-09-25
1960-0032-IND,Yes,Natural,Hydrological,Flood,Flood (General),,IND,India,"Maduri, Madras City",,1960,11,10,1960,11,10,5,,160000,,160000,,,,Km2,,,2003-07-01,2023-09-25
1960-0051-IND,Yes,Natural,Hydrological,Flood,Flood (General),,IND,India,,,1960,7,,1960,7,,30,,,,,,,,Km2,,,2003-07-01,2023-09-25
1963-0019-IND,Yes,Natural,Meteorological,Storm,Storm (General),,IND,India,"Orissa, Uttar Pradesh, Punjab",,1963,9,8,1963,9,8,200,,5000000,,5000000,,,,Kph,,,2003-07-01,2023-09-25
1964-0055-IND,Yes,Natural,Hydrological,Flood,Flood (General),,IND,India,Andhra Pradesh,,1964,10,,1964,10,,,,18400,,18400,500,5190,,Km2,,,2003-07-01,2023-09-25
1964-0068-IND,Yes,Natural,Meteorological,Storm,Tropical cyclone,,IND,India,Rameswaram,,1964,12,17,1964,12,17,500,,,,,,,,Kph,,,2003-07-01,2023-09-25
1965-9073-IND,Yes,Natural,Climatological,Drought,Drought,,IND,India,Nationwide except south,,1965,,,1967,,,1500000,,100000000,,100000000,100000,1021771,,Km2,,,2006-09-14,2025-03-06
1966-0085-IND,Yes,Natural,Meteorological,Storm,Tropical cyclone,,IND,India,Madras state,,1966,11,3,1966,11,3,18,,150000,,150000,4200,41658,,Kph,,,2003-07-01,2023-09-25
1968-0084-IND,Yes,Natural,Meteorological,Storm,Tropical cyclone,,IND,India,"Ramanathapurum, Thanjavur",,1968,12,4,1968,12,4,7,,15000,,15000,,,,Kph,,,2003-07-01,2023-09-25
1969-0106-IND,Yes,Natural,Meteorological,Storm,Storm (General),,IND,India,Madras City,,1969,10,21,1969,10,21,,,20000,,20000,,,,Kph,,,2003-07-01,2023-09-25
1970-0065-IND,Yes,Natural,Meteorological,Storm,Storm (General),,IND,India,Madras city (Tamil Nadu),,1970,11,19,1970,11,19,,,,2000,2000,,,,Kph,,,2003-07-01,2023-09-25
1971-0052-IND,Yes,Natural,Hydrological,Flood,Flood (General),,IND,India,Uttar Pradesh,,1971,9,9,1971,9,9,300,,35000,,35000,,,,Km2,,,2003-07-01,2023-09-25
1971-0112-IND,Yes,Natural,Meteorological,Storm,Tropical cyclone,,IND,India,"Bihar, West Bengal",,1971,9,27,1971,9,27,60,,,,,,,,Kph,,,2003-07-01,2023-09-25
1973-0009-IND,Yes,Natural,Meteorological,Extreme temperature,Cold wave,,IND,India,"Uttar Pradesh, Bihar",,1973,1,5,1973,1,5,115,,,,,,,,°C,,,2003-07-01,2023-09-25
1974-0045-IND,Yes,Natural,Meteorological,Storm,Tropical cyclone,,IND,India,"West Bengal, Madya Pradesh, Gujarat states",,1974,8,15,1974,8,15,20,100,,,100,,,,Kph,,,2003-07-01,2023-09-25
1974-0122-IND,Yes,Natural,Meteorological,Storm,Tropical cyclone,,IND,India,Midnapore,,1974,5,29,1974,5,29,,,25000,,25000,,,20,Kph,,,2003-07-01,2023-09-25
1974-0129-IND,Yes,Natural,Hydrological,Flood,Flood (General),,IND,India,"Tinsukia, Dhemaji, Nowgong, Majuli, Jorhat, Dhubri",,1974,7,2,1974,7,2,260,,,,,,,,Km2,,,2003-07-01,2023-09-25
2023-0359-IND,No,Natural,Hydrological,Flood,Flash flood,,IND,India,"Mandi, Solan and Hamirpur districts (Himachal Pradesh); Uttarakhand, Punjab, NewDelhi, Haryana","[{""adm1_code"":1489,""adm1_name"":""Delhi""},{""adm1_code"":1492,""adm1_name"":""Haryana""},{""adm1_code"":1505,""adm1_name"":""Punjab""},{""adm1_code"":70082,""adm1_name"":""Uttarakhand""},{""adm2_code"":17668,""adm2_name"":""Hamirpur""},{""adm2_code"":17673,""adm2_name"":""Mandi""},{""adm2_code"":17676,""adm2_name"":""Solan""}]",2023,6,26,2023,7,12,62,,5,,5,3000,3170,,Km2,,,2023-06-29,2025-12-20
2023-0330-IND,No,Natural,Hydrological,Flood,Flood (General),,IND,India,"Nalbari, Baksa, Lakhimpur, Bajali, Barpet distrcits (Assam);Sikkim",,2023,6,14,2023,6,23,,,500000,,500000,,,,Km2,,,2023-06-26,2025-07-16
2023-0328-IND,No,Natural,Meteorological,Extreme temperature,Heat wave,,IND,India,"Uttar Pradesh, Bihar, Tripura, Odisha",,2023,4,,2023,6,,179,460,,,460,,,45,°C,,,2023-06-26,2024-02-27
2023-0294-IND,No,Natural,Meteorological,Storm,Tropical cyclone,Cyclone 'Mocha',IND,India,"Mizoram, Tripura, and Manipur states",,2023,5,14,2023,5,14,,,1000,,1000,,,,Kph,,,2023-05-23,2025-03-05
1905-0003-IND,Yes,Natural,Geophysical,Earthquake,Ground movement,,IND,India,Kangra,,1905,4,4,1905,4,4,20000,,,,,25000,895748,7.8,Moment Magnitude,32.04,76.16,2003-07-01,2023-09-25
1924-0003-IND,Yes,Natural,Meteorological,Storm,Tropical cyclone,,IND,India,Punjab province,,1924,9,23,1924,9,23,1242,,1000000,,1000000,,,,Kph,,,2003-07-01,2023-09-25
1926-0008-IND,Yes,Natural,Hydrological,Flood,Riverine flood,,IND,India,Bengal,,1926,7,19,1926,7,19,,,,,,,,,Km2,,,2003-07-01,2023-09-25
1927-0008-IND,Yes,Natural,Meteorological,Storm,Tropical cyclone,,IND,India,"Gujarat, Ahmedabad, Baroda",,1927,7,23,1927,7,23,56,10,40000,,40010,,,,Kph,,,2003-07-01,2023-09-25
1928-0018-IND,Yes,Natural,Hydrological,Flood,Flood (General),,IND,India,"Godavari, Vizagapatnam",,1928,10,19,1928,10,19,36,,,2000,2000,,,,Km2,,,2003-07-01,2023-09-25
1934-0001-IND,Yes,Natural,Geophysical,Earthquake,Ground movement,,IND,India,"Bihar province, Sitamarhi Madhubani area. From Supaul to Pumia. Muzaffarpur-Darbhanga area. Munger (Monghyr) area.",,1934,1,15,1934,1,15,7188,,,,,,,8.1,Moment Magnitude,25.44,86.59,2005-12-20,2026-02-26
1935-0014-IND,Yes,Natural,Meteorological,Storm,Storm (General),,IND,India,"Madras, Negapatam",,1935,11,13,1935,11,13,100,,,,,,,,Kph,,,2003-07-01,2023-09-25
1936-0009-IND,Yes,Natural,Meteorological,Storm,Tropical cyclone,,IND,India,Guntur (Madras),,1936,10,28,1936,10,28,233,,,,,,,,Kph,,,2003-07-01,2023-09-25
1959-0046-IND,Yes,Natural,Hydrological,Flood,Flood (General),,IND,India,,,1959,9,,1959,9,,500,,,,,,,,Km2,,,2003-07-01,2023-09-25
1967-0063-IND,Yes,Natural,Meteorological,Storm,Tropical cyclone,,IND,India,Orissa,,1967,10,8,1967,10,8,1000,,,,,,,,Kph,,,2003-07-01,2023-09-25
1949-0013-IND,Yes,Natural,Meteorological,Storm,Tropical cyclone,,IND,India,"East & West Godavari districts, Masulipatnam",,1949,10,27,1949,10,27,1000,,,,,,,,Kph,,,2003-07-01,2023-09-25
1950-0006-IND,Yes,Natural,Hydrological,Flood,Riverine flood,,IND,India,Saurashtra,,1950,7,11,1950,7,11,45,,25000,,25000,,,,Km2,,,2003-07-01,2023-09-25
1953-0042-IND,Yes,Natural,Meteorological,Extreme temperature,Heat wave,,IND,India,,,1953,6,,1953,6,,400,,,,,,,,°C,,,2003-07-01,2023-09-25
1956-0012-IND,Yes,Natural,Hydrological,Flood,Flood (General),,IND,India,"Gujarat, Saurashtra, Kutch",,1956,8,1,1956,8,1,,,,2000,2000,,,,Km2,,,2003-07-01,2023-09-25
1956-0047-IND,Yes,Natural,Hydrological,Mass movement (wet),Landslide (wet),,IND,India,,,1956,10,,1956,10,,27,,,,,,,,,,,2003-07-01,2023-09-25
1959-0007-IND,Yes,Natural,Hydrological,Flood,Flood (General),,IND,India,Kutch,,1959,7,4,1959,7,4,17,,13000,,13000,,,,Km2,,,2003-07-01,2023-09-25
1960-0054-IND,Yes,Natural,Hydrological,Flood,Flood (General),,IND,India,,,1960,8,,1960,8,,47,,,,,,,,Km2,,,2003-07-01,2023-09-25
1960-0056-IND,Yes,Natural,Hydrological,Flood,Flood (General),,IND,India,,,1960,9,,1960,9,,155,,,,,,,,Km2,,,2003-07-01,2023-09-25
1961-0007-IND,Yes,Natural,Hydrological,Flood,Flood (General),,IND,India,North,,1961,7,,1961,7,,2000,,,,,,,,Km2,,,2003-07-01,2023-09-25
1961-0012-IND,Yes,Natural,Hydrological,Flood,Flood (General),,IND,India,Uttar Pradesh,,1961,10,9,1961,10,9,57,,,,,,,,Km2,,,2003-07-01,2023-09-25
1962-0007-IND,Yes,Natural,Meteorological,Storm,Storm (General),,IND,India,"Punjab, Delhi, M.P.",,1962,9,16,1962,9,16,,,40000,,40000,,,,Kph,,,2003-07-01,2023-09-25
1963-0070-IND,Yes,Natural,Hydrological,Flood,Flood (General),,IND,India,,,1963,7,,1963,7,,200,,,,,,,,Km2,,,2003-07-01,2023-09-25
1964-0097-IND,Yes,Natural,Hydrological,Flood,Flood (General),,IND,India,,,1964,9,,1964,9,,51,,,,,,,,Km2,,,2003-07-01,2023-09-25
1964-0101-IND,Yes,Natural,Hydrological,Flood,Flood (General),,IND,India,,,1964,9,,1964,9,,36,,,,,,,,Km2,,,2003-07-01,2023-09-25
1964-9009-IND,Yes,Natural,Climatological,Drought,Drought,,IND,India,"Rajasthan, center",,1964,7,,1964,,,,,500000,,500000,,,,Km2,,,2006-02-13,2025-03-06
1967-0077-IND,Yes,Natural,Geophysical,Earthquake,Ground movement,,IND,India,"Maharashtra, Koynana",,1967,12,11,1967,12,11,177,2272,50000,,52272,400,3860,6.6,Moment Magnitude,17.412,73.885,2003-07-01,2023-09-25
1968-0074-IND,Yes,Natural,Hydrological,Mass movement (wet),Landslide (wet),,IND,India,"Bihar, Bengal",,1968,10,1,1968,10,1,1000,,,,,,,,,,,2003-07-01,2023-09-25
1968-0124-IND,Yes,Natural,Hydrological,Flood,Flood (General),,IND,India,,,1968,8,,1968,8,,1000,,,,,,,,Km2,,,2003-07-01,2023-09-25
1968-0127-IND,Yes,Natural,Hydrological,Flood,Flood (General),,IND,India,,,1968,10,,1968,10,,560,,,,,,,,Km2,,,2003-07-01,2023-09-25
1970-0105-IND,Yes,Natural,Hydrological,Flood,Flood (General),,IND,India,"Gujarat, Orissa states",,1970,9,2,1970,9,2,400,,,,,,,,Km2,,,2003-07-01,2023-09-25
1972-9116-IND,Yes,Natural,Climatological,Drought,Drought,,IND,India,Central,,1972,,,1973,,,,,200000000,,200000000,100000,769891,,Km2,,,2006-11-24,2025-03-06
1973-0054-IND,Yes,Natural,Meteorological,Extreme temperature,Cold wave,,IND,India,"Bihar, Delhi",,1973,12,23,1973,12,23,146,,,,,,,,°C,,,2003-07-01,2023-09-25
1975-0045-IND,Yes,Natural,Meteorological,Storm,Storm (General),,IND,India,Eastern,,1975,8,,1975,8,,450,,,,,200000,1196443,,Kph,,,2003-07-01,2023-09-25
1976-0074-IND,Yes,Natural,Meteorological,Storm,Tropical cyclone,,IND,India,Madras/Nellore (Andhra Pradesh),,1976,11,22,1976,11,22,95,,300000,,300000,260000,1470877,,Kph,,,2008-04-02,2023-09-25
1976-0144-IND,Yes,Natural,Meteorological,Storm,Tropical cyclone,,IND,India,"Krishna District, near Masulipatnam (Andhra Pradesh)",,1976,11,3,1976,11,3,18,,,,,,,,Kph,,,2003-07-01,2023-09-25
1976-0146-IND,Yes,Natural,Meteorological,Storm,Tropical cyclone,,IND,India,Between Nellore and Kavali (Andhra Pradesh),,1976,11,15,1976,11,15,30,,50000,,50000,3378,19110,,Kph,,,2003-07-01,2023-09-25
1978-0087-IND,Yes,Natural,Hydrological,Flood,Flood (General),,IND,India,"North, Northeast",,1978,7,,1978,7,,3800,,32000000,,32000000,165000,814317,,Km2,,,2003-07-01,2023-09-25
1978-0224-IND,Yes,Natural,Meteorological,Storm,Tropical cyclone,,IND,India,"Tamil Nadu, Kerala",,1978,11,3,1978,11,3,170,,,,,,,,Kph,,,2003-07-01,2023-09-25
1979-0079-IND,Yes,Natural,Hydrological,Mass movement (wet),Landslide (wet),,IND,India,Uttar Pradesh,,1979,8,19,1979,8,19,42,12,100,,112,,,,,,,2003-07-01,2023-09-25
1980-0044-IND,Yes,Natural,Meteorological,Storm,Sand/Dust storm,,IND,India,Uttar Pradesh,,1980,5,9,1980,5,9,125,,,,,,,,Kph,,,2003-07-01,2023-09-25
1980-0055-IND,Yes,Natural,Hydrological,Mass movement (wet),Landslide (wet),,IND,India,Uttar Pradesh,,1980,6,25,1980,6,25,150,,,,,,,,,,,2003-07-01,2023-09-25
1980-0074-IND,Yes,Natural,Hydrological,Flood,Flood (General),,IND,India,"Uttar Pradesh, Bihar, Gujarat, Kerala, Haryana",,1980,8,,1980,8,,1600,23,30000000,,30000023,320000,1250137,,Km2,,,2003-07-01,2023-09-25
1981-0046-IND,Yes,Natural,Meteorological,Storm,Tornado,,IND,India,Orissa,,1981,4,17,1981,4,17,120,,10000,,10000,,,,Kph,,,2003-07-01,2023-09-25
2025-0651-IND,No,Natural,Hydrological,Mass movement (wet),Mudslide,,IND,India,"Dharali village (Uttarkashi district, Uttarakhand state)",,2025,8,5,2025,8,5,105,,,,,,,,,,,2025-08-06,2025-08-08
2025-0736-IND,No,Natural,Hydrological,Mass movement (wet),Landslide (wet),,IND,India,Jammu and Kashmir region,,2025,8,26,2025,8,26,41,,3500,,3500,,,,,,,2025-08-28,2025-08-29
2025-1000-IND,No,Natural,Meteorological,Storm,Tropical cyclone,Tropical storm 'Ditwah',IND,India,Tamil Nadu,,2025,11,27,2025,11,29,3,,,,,40000,40000,,Kph,,,2025-12-01,2025-12-17
2025-0143-IND,No,Natural,Hydrological,Mass movement (wet),Avalanche (wet),,IND,India,Chamoli district (Uttarakhand),,2025,2,28,2025,2,28,8,46,173,,219,,,,,,,2025-02-28,2025-03-04
2024-0881-IND,No,Natural,Meteorological,Storm,Tropical cyclone,Storm 'Fengal',IND,India,"Chennai city, Ooty town, Vellore city , Puducherry city (Tamil Nadu)",,2024,12,1,2024,12,1,20,,,,,,,80,Kph,,,2024-12-06,2024-12-19
2024-0778-IND,No,Natural,Meteorological,Storm,Tropical cyclone,Tropical storm 'Dana',IND,India,Odisha and West Bengal,,2024,10,24,2024,10,25,9,12,3810000,,3810012,73300,75229,120,Kph,,,2024-10-28,2025-01-22
2024-0719-IND,No,Natural,Hydrological,Flood,Flood (General),,IND,India,Meghalaya,,2024,10,4,2024,10,7,15,,,,,,,,Km2,,,2024-10-09,2024-10-28
2024-0280-IND,No,Natural,Meteorological,Storm,Hail,,IND,India,"Bishnupur, Imphal West, Imphal East, Thoubal, Kakching, Tengnoupal, Kangpokpi, Noney, and Churachandpur districts (Manipur state)",,2024,5,5,2024,5,5,1,,77000,,77000,,,,Kph,,,2024-05-07,2024-05-13
2023-0792-IND,No,Natural,Meteorological,Storm,Tropical cyclone,Tropical storm 'Michaung',IND,India,"Andra Pradesh, Telangana, Tamil Nadu States",,2023,12,5,2023,12,6,20,,4390000,,4390000,125000,132073,110,Kph,,,2023-12-06,2024-02-12
2023-0622-IND,No,Natural,Climatological,Glacial lake outburst flood,Glacial lake outburst flood,,IND,India,"Sikkim state Gangtok, Mangan and Pakyong (Bengal state)",,2023,10,5,2023,10,5,178,,88400,,88400,,,,,,,2023-10-05,2023-11-02
2002-0568-IND,No,Natural,Hydrological,Flood,Riverine flood,,IND,India,"Bharuch district (Gujarat province), Jalgaon, Nasik districts (Maharashtra province)","[{""adm2_code"":17568,""adm2_name"":""Warangal""},{""adm2_code"":17638,""adm2_name"":""Bharuch""},{""adm2_code"":17767,""adm2_name"":""Jalgaon""},{""adm2_code"":17773,""adm2_name"":""Nashik""}]",2002,9,3,2002,9,6,22,,5000,,5000,,,79000,Km2,,,2005-09-23,2025-12-20
2003-0100-IND,No,Natural,Meteorological,Storm,Tropical cyclone,,IND,India,Gujarat province,"[{""adm1_code"":1491,""adm1_name"":""Gujarat""}]",2003,2,18,2003,2,18,5,,140,,140,,,,Kph,,,2003-09-05,2025-12-20
2000-0020-IND,No,Natural,Meteorological,Extreme temperature,Cold wave,,IND,India,"Bihar, Uttar Pradesh, West Bengal provinces","[{""adm1_code"":1511,""adm1_name"":""West Bengal""},{""adm1_code"":70073,""adm1_name"":""Bihar""},{""adm1_code"":70081,""adm1_name"":""Uttar Pradesh""}]",2000,1,,2000,1,,275,,,,,,,,°C,,,2003-07-01,2025-12-20
1958-0031-IND,Yes,Natural,Meteorological,Extreme temperature,Heat wave,,IND,India,,,1958,5,,1958,5,,651,,,,,,,,°C,,,2003-07-01,2023-09-25
2002-0204-IND,No,Natural,Meteorological,Storm,Tropical cyclone,,IND,India,West Bengal province,"[{""adm1_code"":1511,""adm1_name"":""West Bengal""}]",2002,4,3,2002,4,3,9,50,,5000,5050,416,745,,Kph,,,2003-07-01,2025-12-20
2005-0354-IND,No,Natural,Hydrological,Flood,Riverine flood,,IND,India,"Digras, Nandgavan villages (Yavatmal district, Maharashtra province)","[{""adm2_code"":17785,""adm2_name"":""Yavatmal""}]",2005,7,9,2005,7,9,25,,,,,,,,Km2,,,2005-07-13,2025-12-20
2005-0375-IND,No,Natural,Hydrological,Flood,Riverine flood,,IND,India,"Yingkiong village (Upper Siang (70051) district, Arunachal Pradesh province), Seppa village (East Kameng (70040) district, Arunachal Pradesh province), Anini village (70050 district, Arunachal Pradesh province), Dibrugarh, Sonitpur, Sibsagar, Dhemaji, Tinsukia, Karimganj, Lakhimpur, Jorhat, Morigaon, Dhuburi, Goalpara, Barpeta districts (Assam province), Bahraich, Shravasti, Banda, Ballia, Lakhimpur Kheri, Kanpur, Varanasi, Mainpuri districts (Uttar Pradesh province), Haridwar, Uttarkashi, Naini Tal, Dehran Dun districts (Uttarakhand province), Muzaffarpur, Darbhanga, Madhubani districts (Bihar province), Birbhum district (West Bengal province)","[{""adm2_code"":17576,""adm2_name"":""Barpeta""},{""adm2_code"":17579,""adm2_name"":""Dhuburi""},{""adm2_code"":17580,""adm2_name"":""Dibrugarh""},{""adm2_code"":17581,""adm2_name"":""Goalpara""},{""adm2_code"":17585,""adm2_name"":""Karimganj""},{""adm2_code"":17592,""adm2_name"":""Sibsagar""},{""adm2_code"":17593,""adm2_name"":""Sonitpur""},{""adm2_code"":70087,""adm2_name"":""Dhemaji""},{""adm2_code"":70089,""adm2_name"":""Jorhat""},{""adm2_code"":70091,""adm2_name"":""Lakhimpur""},{""adm2_code"":70092,""adm2_name"":""Marigaon""},{""adm2_code"":70093,""adm2_name"":""Tinsukia""},{""adm2_code"":17947,""adm2_name"":""Birbhum""},{""adm2_code"":70040,""adm2_name"":""Administrative unit not available""},{""adm2_code"":70050,""adm2_name"":""Administrative unit not available""},{""adm2_code"":70051,""adm2_name"":""Administrative unit not available""},{""adm2_code"":17598,""adm2_name"":""Darbhanga""},{""adm2_code"":17611,""adm2_name"":""Madhubani""},{""adm2_code"":17613,""adm2_name"":""Muzaffarpur""},{""adm2_code"":17893,""adm2_name"":""Bahraich""},{""adm2_code"":17894,""adm2_name"":""Ballia""},{""adm2_code"":17895,""adm2_name"":""Banda""},{""adm2_code"":17920,""adm2_name"":""Kanpur""},{""adm2_code"":17921,""adm2_name"":""Lakhimpur Kheri""},{""adm2_code"":17924,""adm2_name"":""Mainpuri""},{""adm2_code"":17943,""adm2_name"":""Varanasi""},{""adm2_code"":70277,""adm2_name"":""Shravasti""},{""adm2_code"":17903,""adm2_name"":""Dehra Dun""},{""adm2_code"":70284,""adm2_name"":""Haridwar""},{""adm2_code"":70285,""adm2_name"":""Naini Tal""},{""adm2_code"":70289,""adm2_name"":""Uttarkashi""}]",2005,7,7,2005,7,28,70,,1904000,4000,1908000,,,,Km2,,,2005-09-14,2025-12-20
2005-0504-IND,No,Natural,Hydrological,Flood,Riverine flood,,IND,India,"Karnataka, Andhra Pradesh provinces","[{""adm1_code"":1485,""adm1_name"":""Andhra Pradesh""},{""adm1_code"":1494,""adm1_name"":""Karnataka""}]",2005,7,23,2005,8,16,126,,100000,,100000,,,619200,Km2,,,2005-09-09,2025-12-20
2005-0537-IND,No,Natural,Meteorological,Storm,Storm (General),,IND,India,"Andhra Pradesh, Orissa provinces","[{""adm1_code"":1485,""adm1_name"":""Andhra Pradesh""},{""adm1_code"":1504,""adm1_name"":""Orissa""}]",2005,9,20,2005,9,20,33,,11000,50000,61000,,,,Kph,,,2005-09-28,2025-12-20
2005-0599-IND,No,Natural,Hydrological,Flood,Riverine flood,,IND,India,"East Midnapore, South 24 Parganas, Barddhaman, Nadia districts (West Bengal province), Baleshwar district (Orissa province)","[{""adm2_code"":70207,""adm2_name"":""Baleshwar""},{""adm2_code"":17946,""adm2_name"":""Barddhaman""},{""adm2_code"":17956,""adm2_name"":""Nadia""},{""adm2_code"":70291,""adm2_name"":""East Midnapore""},{""adm2_code"":70294,""adm2_name"":""South 24 Parganas""}]",2005,10,21,2005,10,24,19,,2000000,250000,2250000,117000,192877,29110,Km2,,,2005-10-25,2025-12-20
2006-0207-IND,No,Natural,Hydrological,Flood,Flash flood,,IND,India,"Adilabad, Hyderabad, Karimnagar, Khammam, Mahbubnagar, Medak, Nalgonda, Nizamabad, Rangareddi, Warangal, Srikakulam, Krishna districts (Andhra Pradesh province)","[{""adm2_code"":17547,""adm2_name"":""Adilabad""},{""adm2_code"":17553,""adm2_name"":""Hyderabad""},{""adm2_code"":17554,""adm2_name"":""Karimnagar""},{""adm2_code"":17555,""adm2_name"":""Khammam""},{""adm2_code"":17556,""adm2_name"":""Krishna""},{""adm2_code"":17558,""adm2_name"":""Mahbubnagar""},{""adm2_code"":17559,""adm2_name"":""Medak""},{""adm2_code"":17560,""adm2_name"":""Nalgonda""},{""adm2_code"":17562,""adm2_name"":""Nizamabad""},{""adm2_code"":17564,""adm2_name"":""Rangareddi""},{""adm2_code"":17565,""adm2_name"":""Srikakulam""},{""adm2_code"":17568,""adm2_name"":""Warangal""}]",2006,4,15,2006,4,18,20,,,,,,,190900,Km2,17.43,82.81,2007-01-04,2025-12-20
2006-0262-IND,No,Natural,Hydrological,Flood,Riverine flood,,IND,India,"Assam, Tripura provinces","[{""adm1_code"":1487,""adm1_name"":""Assam""},{""adm1_code"":1509,""adm1_name"":""Tripura""}]",2006,5,31,2006,7,24,21,,504000,,504000,,,47020,Km2,26.6,94.02,2007-01-06,2025-12-20
2006-0548-IND,No,Natural,Hydrological,Flood,Flash flood,,IND,India,Jammu and Kashmir provinces,"[{""adm1_code"":40422,""adm1_name"":""Administrative unit not available""},{""adm1_code"":40423,""adm1_name"":""Administrative unit not available""},{""adm1_code"":40424,""adm1_name"":""Administrative unit not available""},{""adm1_code"":40425,""adm1_name"":""Administrative unit not available""},{""adm1_code"":40426,""adm1_name"":""Administrative unit not available""},{""adm1_code"":40427,""adm1_name"":""Administrative unit not available""},{""adm1_code"":40428,""adm1_name"":""Administrative unit not available""},{""adm1_code"":40429,""adm1_name"":""Administrative unit not available""},{""adm1_code"":40430,""adm1_name"":""Administrative unit not available""},{""adm1_code"":40431,""adm1_name"":""Administrative unit not available""}]",2006,8,31,2006,9,11,19,,15000,,15000,,,,Km2,32.89,73.88,2007-01-07,2025-12-20
2006-0549-IND,No,Natural,Hydrological,Flood,Riverine flood,,IND,India,"Balrampur, Bahraich, Lakhimpur Kheri, Shravasti, Gonda, Bara Banki districts (Uttar Pradesh province)","[{""adm2_code"":17893,""adm2_name"":""Bahraich""},{""adm2_code"":17896,""adm2_name"":""Bara Banki""},{""adm2_code"":17913,""adm2_name"":""Gonda""},{""adm2_code"":17921,""adm2_name"":""Lakhimpur Kheri""},{""adm2_code"":70261,""adm2_name"":""Balrampur""},{""adm2_code"":70277,""adm2_name"":""Shravasti""}]",2006,8,29,2006,9,4,42,,100000,,100000,,,32700,Km2,27.59,81.52,2007-01-07,2025-12-20
2007-0320-IND,No,Natural,Hydrological,Flood,Riverine flood,,IND,India,"Bihar, Uttar Pradesh, Assam, Orissa, West Bengal provinces","[{""adm1_code"":1487,""adm1_name"":""Assam""},{""adm1_code"":1504,""adm1_name"":""Orissa""},{""adm1_code"":1511,""adm1_name"":""West Bengal""},{""adm1_code"":70073,""adm1_name"":""Bihar""},{""adm1_code"":70081,""adm1_name"":""Uttar Pradesh""}]",2007,7,3,2007,9,22,1103,,18700000,,18700000,,,483900,Km2,22.63,88.49,2008-08-04,2025-12-20
2007-0364-IND,No,Natural,Hydrological,Flood,Riverine flood,,IND,India,Himachal Pradesh province,"[{""adm1_code"":1493,""adm1_name"":""Himachal Pradesh""}]",2007,8,12,2007,8,17,76,,15000,,15000,,,191400,Km2,31.24,76.53,2007-09-06,2025-12-20
2007-0524-IND,No,Natural,Hydrological,Flood,Riverine flood,,IND,India,"Andhra Pradesh, Tamil Nadu province","[{""adm1_code"":1485,""adm1_name"":""Andhra Pradesh""},{""adm1_code"":1508,""adm1_name"":""Tamil Nadu""}]",2007,10,27,2007,11,1,29,,50000,,50000,,,76740,Km2,12.73,79.7,2007-11-26,2025-12-20
2007-0602-IND,No,Natural,Hydrological,Flood,Riverine flood,,IND,India,"Assam, Arunachal Pradesh, Meghalaya, Manipur provinces","[{""adm1_code"":1487,""adm1_name"":""Assam""},{""adm1_code"":1500,""adm1_name"":""Manipur""},{""adm1_code"":1501,""adm1_name"":""Meghalaya""},{""adm1_code"":70036,""adm1_name"":""Administrative unit not available""},{""adm1_code"":70037,""adm1_name"":""Administrative unit not available""},{""adm1_code"":70072,""adm1_name"":""Arunachal Pradesh""}]",2007,7,12,2007,10,10,96,,11100000,,11100000,,,103600,Km2,27.58,95.26,2007-12-18,2025-12-20
2007-0603-IND,No,Natural,Hydrological,Flood,Riverine flood,,IND,India,Kerala province,"[{""adm1_code"":1495,""adm1_name"":""Kerala""}]",2007,7,16,2007,7,20,44,,35000,,35000,101151,157058,21120,Km2,10.39,76.31,2007-12-18,2025-12-20
2007-0683-IND,No,Natural,Hydrological,Flood,Flood (General),,IND,India,"Rajasthan, Uttar Pradesh, Madhya Pradesh, Jammu and Kashmir provinces","[{""adm1_code"":1506,""adm1_name"":""Rajasthan""},{""adm1_code"":40408,""adm1_name"":""Administrative unit not available""},{""adm1_code"":40409,""adm1_name"":""Administrative unit not available""},{""adm1_code"":40422,""adm1_name"":""Administrative unit not available""},{""adm1_code"":40423,""adm1_name"":""Administrative unit not available""},{""adm1_code"":40424,""adm1_name"":""Administrative unit not available""},{""adm1_code"":40425,""adm1_name"":""Administrative unit not available""},{""adm1_code"":40426,""adm1_name"":""Administrative unit not available""},{""adm1_code"":40427,""adm1_name"":""Administrative unit not available""},{""adm1_code"":40428,""adm1_name"":""Administrative unit not available""},{""adm1_code"":40429,""adm1_name"":""Administrative unit not available""},{""adm1_code"":40430,""adm1_name"":""Administrative unit not available""},{""adm1_code"":40431,""adm1_name"":""Administrative unit not available""},{""adm1_code"":70079,""adm1_name"":""Madhya Pradesh""},{""adm1_code"":70081,""adm1_name"":""Uttar Pradesh""}]",2007,2,11,2007,2,16,40,8,,,8,,,,Km2,,,2008-03-28,2025-12-20
2008-0062-IND,No,Natural,Hydrological,Mass movement (wet),Landslide (wet),,IND,India,Administrative unit not available districts (Jammu and Kashmir province),"[{""adm2_code"":72802,""adm2_name"":""Administrative unit not available""},{""adm2_code"":72789,""adm2_name"":""Administrative unit not available""}]",2008,2,8,2008,2,8,37,,,,,,,,,,,2008-07-31,2023-09-25
2008-0130-IND,No,Natural,Hydrological,Flood,Flood (General),,IND,India,"Tamil Nadu, Karnataka provinces","[{""adm1_code"":1494,""adm1_name"":""Karnataka""},{""adm1_code"":1508,""adm1_name"":""Tamil Nadu""}]",2008,3,20,2008,3,28,37,,10278,,10278,2000,2991,144300,Km2,10.76,78.72,2008-04-07,2025-12-20
1995-0228-IND,Yes,Natural,Hydrological,Flood,Riverine flood,,IND,India,"Bihar, Haryana, Punjab, Rajasthan, Himachal Pradesh, Jammu and Kasmir, Uttar Pradesh, West Bengal, Maharashtra states",,1995,9,1,1995,9,20,1479,,32704000,,32704000,258000,545081,762900,Km2,,,2007-10-12,2023-09-25
2008-0423-IND,No,Natural,Hydrological,Flood,Riverine flood,,IND,India,"Orissa, Uttar Pradesh, Himachal Pradesh provinces","[{""adm1_code"":1493,""adm1_name"":""Himachal Pradesh""},{""adm1_code"":1504,""adm1_name"":""Orissa""},{""adm1_code"":70081,""adm1_name"":""Uttar Pradesh""}]",2008,9,14,2008,9,21,173,,,2400000,2400000,,,,Km2,,,2008-09-24,2025-12-20
2008-0486-IND,No,Natural,Hydrological,Flood,Riverine flood,,IND,India,"Muzaffarpur, Supaul, Patna, Katihar, Nalanda, Araria, Pashchim Champaran, Sheikhpura, Saharsa, Purnia, Saran, Begusarai, Bhagalpur, Madhepura, Vaishali, Khagaria districts (Bihar province), Assam province","[{""adm1_code"":1487,""adm1_name"":""Assam""},{""adm2_code"":17595,""adm2_name"":""Begusarai""},{""adm2_code"":17596,""adm2_name"":""Bhagalpur""},{""adm2_code"":17608,""adm2_name"":""Katihar""},{""adm2_code"":17609,""adm2_name"":""Khagaria""},{""adm2_code"":17612,""adm2_name"":""Madhepura""},{""adm2_code"":17613,""adm2_name"":""Muzaffarpur""},{""adm2_code"":17615,""adm2_name"":""Nalanda""},{""adm2_code"":17618,""adm2_name"":""Pashchim Champaran""},{""adm2_code"":17619,""adm2_name"":""Patna""},{""adm2_code"":17621,""adm2_name"":""Purnia""},{""adm2_code"":17624,""adm2_name"":""Saharsa""},{""adm2_code"":17628,""adm2_name"":""Saran""},{""adm2_code"":17632,""adm2_name"":""Vaishali""},{""adm2_code"":70094,""adm2_name"":""Araria""},{""adm2_code"":70102,""adm2_name"":""Sheikhpura""},{""adm2_code"":70104,""adm2_name"":""Supaul""}]",2008,8,30,2008,9,8,47,,2600000,,2600000,20000,29906,80590,Km2,22.044,94.55,2009-01-12,2025-12-20
2008-0646-IND,No,Natural,Meteorological,Storm,Sand/Dust storm,,IND,India,Uttar Pradesh province,"[{""adm1_code"":70081,""adm1_name"":""Uttar Pradesh""}]",2008,5,14,2008,5,14,111,50,,,50,25000,37383,110,Kph,,,2009-03-25,2025-12-20
2009-0303-IND,No,Natural,Hydrological,Flood,Flash flood,,IND,India,Delhi province,"[{""adm1_code"":1489,""adm1_name"":""Delhi""}]",2009,7,29,2009,7,29,11,,,,,,,,Km2,,,2009-08-13,2025-12-20
2009-0483-IND,No,Natural,Hydrological,Flood,Riverine flood,,IND,India,"Ooty, Coonoor cities (Nilgiris district, Tamil Nadu)","[{""adm2_code"":17873,""adm2_name"":""Nilgiris""}]",2009,11,3,2009,11,8,70,8,,,8,64000,96041,35730,Km2,11.47,77.85,2010-03-05,2025-12-20
2009-0595-IND,No,Natural,Meteorological,Extreme temperature,Cold wave,,IND,India,"Srinagar city ('72808' district, '40424' Jammu and Kashmir province), Uttar Pradesh, Himachal Pradesh, Delhi, Bihar provinces","[{""adm1_code"":1489,""adm1_name"":""Delhi""},{""adm1_code"":1493,""adm1_name"":""Himachal Pradesh""},{""adm1_code"":70073,""adm1_name"":""Bihar""},{""adm1_code"":70081,""adm1_name"":""Uttar Pradesh""},{""adm2_code"":72808,""adm2_name"":""Administrative unit not available""}]",2010,1,2,2010,1,13,100,,,,,,,-9,°C,,,2010-08-04,2025-12-20
2009-0609-IND,No,Natural,Meteorological,Storm,Tropical cyclone,Cyclone Phyan,IND,India,"Gujarat, Madhya Pradesh, Maharashtra provinces","[{""adm1_code"":1491,""adm1_name"":""Gujarat""},{""adm1_code"":1498,""adm1_name"":""Maharashtra""},{""adm1_code"":70079,""adm1_name"":""Madhya Pradesh""}]",2009,11,11,2009,11,12,20,,,,,300000,450192,,Kph,,,2010-03-08,2025-12-20
2010-0171-IND,No,Natural,Meteorological,Storm,Tropical cyclone,,IND,India,"Bihar, West Bengal, Assam provinces","[{""adm1_code"":1487,""adm1_name"":""Assam""},{""adm1_code"":1511,""adm1_name"":""West Bengal""},{""adm1_code"":70073,""adm1_name"":""Bihar""}]",2010,4,13,2010,4,14,114,,,500000,500000,,,,Kph,,,2010-04-26,2025-12-20
2010-0206-IND,No,Natural,Meteorological,Extreme temperature,Heat wave,,IND,India,"Delhi, Haryana, Madhya Pradesh, Orissa, Rajasthan, Uttar Pradesh provinces","[{""adm1_code"":1489,""adm1_name"":""Delhi""},{""adm1_code"":1492,""adm1_name"":""Haryana""},{""adm1_code"":1504,""adm1_name"":""Orissa""},{""adm1_code"":1506,""adm1_name"":""Rajasthan""},{""adm1_code"":70079,""adm1_name"":""Madhya Pradesh""},{""adm1_code"":70081,""adm1_name"":""Uttar Pradesh""}]",2010,3,,2010,5,,250,,,,,,,49,°C,,,2010-05-27,2025-12-20
2010-0688-IND,No,Natural,Meteorological,Storm,Severe weather,,IND,India,"Nawabganj town (Gonda district, Uttar Pradesh province), Allahabad, Unnao districts (Uttar Pradesh province)","[{""adm2_code"":17890,""adm2_name"":""Allahabad""},{""adm2_code"":17913,""adm2_name"":""Gonda""},{""adm2_code"":17941,""adm2_name"":""Unnao""}]",2010,5,24,2010,5,24,12,30,,2000,2030,,,,Kph,,,2011-04-11,2025-12-20
2011-0007-IND,No,Natural,Meteorological,Extreme temperature,Cold wave,,IND,India,"Delhi province, Allahabad, Pratapgarh, Jaunpur, Bara Banki districts (Uttar Pradesh province), Sundernagar city (Mandi district, Himachal Pradesh province), Bhuntar city (Kullu district, Himachal Pradesh province), Shimla, Solan districts (Himachal Pradesh province), Leh city ('40422' Jammu and Kashmir province), Qazigund city ('40425' Jammu and Kashmir province), Bihar province","[{""adm1_code"":1489,""adm1_name"":""Delhi""},{""adm1_code"":40422,""adm1_name"":""Administrative unit not available""},{""adm1_code"":40425,""adm1_name"":""Administrative unit not available""},{""adm1_code"":70073,""adm1_name"":""Bihar""},{""adm2_code"":17671,""adm2_name"":""Kullu""},{""adm2_code"":17673,""adm2_name"":""Mandi""},{""adm2_code"":17674,""adm2_name"":""Shimla""},{""adm2_code"":17676,""adm2_name"":""Solan""},{""adm2_code"":17890,""adm2_name"":""Allahabad""},{""adm2_code"":17896,""adm2_name"":""Bara Banki""},{""adm2_code"":17918,""adm2_name"":""Jaunpur""},{""adm2_code"":17933,""adm2_name"":""Pratapgarh""}]",2011,1,1,2011,1,18,80,,,,,,,-20.2,°C,,,2012-04-05,2025-12-20
2011-0351-IND,No,Natural,Geophysical,Earthquake,Ground movement,,IND,India,"Sikkim, West Bengal, Bihar, Assam, Meghalaya provinces","[{""adm1_code"":1487,""adm1_name"":""Assam""},{""adm1_code"":1501,""adm1_name"":""Meghalaya""},{""adm1_code"":1507,""adm1_name"":""Sikkim""},{""adm1_code"":1511,""adm1_name"":""West Bengal""},{""adm1_code"":70073,""adm1_name"":""Bihar""}]",2011,9,18,2011,9,18,112,200,500000,75000,575200,,,6.9,Moment Magnitude,27.73,88.155,2011-11-07,2025-12-20
2011-0422-IND,No,Natural,Hydrological,Flood,Riverine flood,,IND,India,"Dhemaji district (Assam province), East Garo Hills, South Garo Hills, West Garo Hills districts (Meghalaya province)","[{""adm2_code"":70087,""adm2_name"":""Dhemaji""},{""adm2_code"":17793,""adm2_name"":""East Garo Hills""},{""adm2_code"":17796,""adm2_name"":""West Garo Hills""},{""adm2_code"":70198,""adm2_name"":""South Garo Hills""}]",2011,8,15,2011,9,8,7,,11000,,11000,,,50117,Km2,26.59,92.18,2011-11-07,2025-12-20
2011-0424-IND,No,Natural,Hydrological,Flood,Riverine flood,,IND,India,"Barpeta, Bongaigaon, Darrang, Dhemaji, Dhuburi, Golaghat, Jorhat, Karbi Anglong, Sibsagar, Lakhimpur, Nagaon, Sonitpur districts, (Assam province), Begusarai, Bhagalpur, Bhojpur, Buxar, Gopalganj, Katihar, Khagaria, Kishanganj, Lakhisarai, Madhubani, Madhepura, Muzaffarpur, Patna, Purnia, Samastipur, Saran, Saharsa, Sitamarhi, Supaul, Vaishali, Pashchim Champaran districts (Bihar province), Azamgarh, Aligarh, Ambedkar Nagar, Badaun, Ballia, Bara Banki, Bahraich, Bareilly, Bijnor, Faizabad, Farrukhabad, Ghazipur, Gonda, Gorakhpur, Hardoi, Jyotiba Phule Nagar, Kannauj, Kanpur, Kushinagar, Lakhimpur Kheri, Meerut, Muzaffarnagar, Moradabad, Pilibhit, Rampur, Shahjahanpur, Sitapur, Unnao districts (Uttar Pradesh province)","[{""adm2_code"":17576,""adm2_name"":""Barpeta""},{""adm2_code"":17578,""adm2_name"":""Darrang""},{""adm2_code"":17579,""adm2_name"":""Dhuburi""},{""adm2_code"":17582,""adm2_name"":""Golaghat""},{""adm2_code"":17584,""adm2_name"":""Karbi Anglong""},{""adm2_code"":17589,""adm2_name"":""Nagaon""},{""adm2_code"":17592,""adm2_name"":""Sibsagar""},{""adm2_code"":17593,""adm2_name"":""Sonitpur""},{""adm2_code"":70086,""adm2_name"":""Bongaigaon""},{""adm2_code"":70087,""adm2_name"":""Dhemaji""},{""adm2_code"":70089,""adm2_name"":""Jorhat""},{""adm2_code"":70091,""adm2_name"":""Lakhimpur""},{""adm2_code"":17595,""adm2_name"":""Begusarai""},{""adm2_code"":17596,""adm2_name"":""Bhagalpur""},{""adm2_code"":17604,""adm2_name"":""Gopalganj""},{""adm2_code"":17608,""adm2_name"":""Katihar""},{""adm2_code"":17609,""adm2_name"":""Khagaria""},{""adm2_code"":17611,""adm2_name"":""Madhubani""},{""adm2_code"":17612,""adm2_name"":""Madhepura""},{""adm2_code"":17613,""adm2_name"":""Muzaffarpur""},{""adm2_code"":17618,""adm2_name"":""Pashchim Champaran""},{""adm2_code"":17619,""adm2_name"":""Patna""},{""adm2_code"":17621,""adm2_name"":""Purnia""},{""adm2_code"":17624,""adm2_name"":""Saharsa""},{""adm2_code"":17626,""adm2_name"":""Samastipur""},{""adm2_code"":17628,""adm2_name"":""Saran""},{""adm2_code"":17630,""adm2_name"":""Sitamarhi""},{""adm2_code"":17632,""adm2_name"":""Vaishali""},{""adm2_code"":70097,""adm2_name"":""Bhojpur""},{""adm2_code"":70098,""adm2_name"":""Buxar""},{""adm2_code"":70100,""adm2_name"":""Kishanganj""},{""adm2_code"":70101,""adm2_name"":""Lakhisarai""},{""adm2_code"":70104,""adm2_name"":""Supaul""},{""adm2_code"":17889,""adm2_name"":""Aligarh""},{""adm2_code"":17892,""adm2_name"":""Azamgarh""},{""adm2_code"":17893,""adm2_name"":""Bahraich""},{""adm2_code"":17894,""adm2_name"":""Ballia""},{""adm2_code"":17896,""adm2_name"":""Bara Banki""},{""adm2_code"":17920,""adm2_name"":""Kanpur""},{""adm2_code"":17921,""adm2_name"":""Lakhimpur Kheri""},{""adm2_code"":17926,""adm2_name"":""Meerut""},{""adm2_code"":17928,""adm2_name"":""Moradabad""},{""adm2_code"":17929,""adm2_name"":""Muzaffarnagar""},{""adm2_code"":17931,""adm2_name"":""Pilibhit""},{""adm2_code"":17935,""adm2_name"":""Rampur""},{""adm2_code"":17937,""adm2_name"":""Shahjahanpur""},{""adm2_code"":17938,""adm2_name"":""Sitapur""},{""adm2_code"":17941,""adm2_name"":""Unnao""},{""adm2_code"":70257,""adm2_name"":""Ambedkar Nagar""},{""adm2_code"":70259,""adm2_name"":""Badaun""},{""adm2_code"":70267,""adm2_name"":""Jyotiba Phule Nagar""},{""adm2_code"":70268,""adm2_name"":""Kannauj""},{""adm2_code"":70271,""adm2_name"":""Kushinagar""}]",2011,8,15,2011,10,2,204,,5549080,,5549080,,,40941,Km2,26.376,86.24,2011-11-14,2025-12-20
2011-0428-IND,No,Natural,Hydrological,Flood,Riverine flood,,IND,India,"Gonda, Balrampur, Faizabad, Bara Banki districts (Uttar Pradesh province), Rajasthan province","[{""adm1_code"":1506,""adm1_name"":""Rajasthan""},{""adm2_code"":17896,""adm2_name"":""Bara Banki""},{""adm2_code"":17907,""adm2_name"":""Faizabad""},{""adm2_code"":17913,""adm2_name"":""Gonda""},{""adm2_code"":70261,""adm2_name"":""Balrampur""}]",2011,7,23,2011,8,9,19,,200000,,200000,,,85509,Km2,28.524,80.93,2011-11-07,2025-12-20
2011-0593-IND,No,Natural,Meteorological,Storm,Lightning/Thunderstorms,,IND,India,Karnataka province,"[{""adm1_code"":1494,""adm1_name"":""Karnataka""}]",2011,4,15,2011,4,15,17,,,,,,,,Kph,,,2012-01-04,2025-12-20
2012-0179-IND,No,Natural,Hydrological,Flood,Riverine flood,,IND,India,"Anjaw (70044), Lohit, Changlang, 70045, 70050, Lower Dibang Valley, East Siang, Upper Siang (70051) districts (Arunachal Pradesh province), Assam province","[{""adm1_code"":1487,""adm1_name"":""Assam""},{""adm2_code"":70044,""adm2_name"":""Administrative unit not available""},{""adm2_code"":70045,""adm2_name"":""Administrative unit not available""},{""adm2_code"":70050,""adm2_name"":""Administrative unit not available""},{""adm2_code"":70051,""adm2_name"":""Administrative unit not available""},{""adm2_code"":17571,""adm2_name"":""East Siang""},{""adm2_code"":17572,""adm2_name"":""Lohit""},{""adm2_code"":70083,""adm2_name"":""Changlang""},{""adm2_code"":70084,""adm2_name"":""Lower Dibang Valley""}]",2012,6,26,2012,7,13,120,,2200000,,2200000,,,254935,Km2,26.566,92.44,2012-11-12,2025-12-20
1916-0004-IND,Yes,Natural,Meteorological,Storm,Tropical cyclone,,IND,India,"Cuddalore, Pondicherry",,1916,11,21,1916,11,21,300,,,,,,,,Kph,,,2003-07-01,2023-09-25
1925-0004-IND,Yes,Natural,Meteorological,Storm,Tropical cyclone,,IND,India,"Bezwada, Masulipatam",,1925,5,10,1925,5,10,80,,,,,,,,Kph,,,2003-07-01,2023-09-25
1942-9003-IND,Yes,Natural,Climatological,Drought,Drought,,IND,India,"Calcutta, Bengal region",,1942,,,1942,,,1500000,,,,,,,,Km2,,,2006-08-07,2025-03-06
1943-0011-IND,Yes,Natural,Meteorological,Storm,Tropical cyclone,,IND,India,Rajputana,,1943,7,24,1943,7,24,5000,,,,,,,,Kph,,,2003-07-01,2023-09-25
1950-0008-IND,Yes,Natural,Geophysical,Earthquake,Ground movement,,IND,India,Assam province,,1950,8,15,1950,8,15,1500,,,,,20000,267214,8.6,Moment Magnitude,28.5,96.5,2004-04-13,2023-09-25
1950-0026-IND,Yes,Natural,Hydrological,Flood,Flood (General),,IND,India,,,1950,6,,1950,6,,100,,,,,,,,Km2,,,2003-07-01,2023-09-25
1952-0011-IND,Yes,Natural,Meteorological,Storm,Tropical cyclone,,IND,India,"Tanjore, Tiruchi",,1952,11,26,1952,11,26,400,,1000000,,1000000,,,,Kph,,,2003-07-01,2023-09-25
1955-0049-IND,Yes,Natural,Meteorological,Storm,Storm (General),,IND,India,,,1955,12,,1955,12,,120,,,,,,,,Kph,,,2003-07-01,2023-09-25
1956-0007-IND,Yes,Natural,Meteorological,Storm,Tropical cyclone,,IND,India,"Parganas, Midnapore (West Bengal)",,1956,5,29,1956,5,29,,,1000000,,1000000,,,,Kph,,,2003-07-01,2023-09-25
1958-0013-IND,Yes,Natural,Meteorological,Storm,Storm (General),,IND,India,Vishakhapatam,,1958,10,16,1958,10,16,,,20000,,20000,,,,Kph,,,2003-07-01,2023-09-25
1958-0015-IND,Yes,Natural,Hydrological,Flood,Flood (General),,IND,India,Madras city,,1958,11,15,1958,11,15,5,,5000,,5000,,,,Km2,,,2003-07-01,2023-09-25
1959-0038-IND,Yes,Natural,Hydrological,Flood,Flood (General),,IND,India,,,1959,7,,1959,7,,104,,,,,,,,Km2,,,2003-07-01,2023-09-25
1961-0009-IND,Yes,Natural,Hydrological,Flood,Flood (General),,IND,India,"Central, West India",,1961,9,6,1961,9,6,,,,2000,2000,,,,Km2,,,2003-07-01,2023-09-25
1961-0050-IND,Yes,Natural,Hydrological,Flood,Flood (General),,IND,India,,,1961,10,,1961,10,,1000,,,,,,,,Km2,,,2003-07-01,2023-09-25
1961-0055-IND,Yes,Natural,Meteorological,Extreme temperature,Cold wave,,IND,India,,,1961,12,,1961,12,,400,,,,,,,,°C,,,2003-07-01,2023-09-25
1962-0034-IND,Yes,Natural,Hydrological,Flood,Flood (General),,IND,India,,,1962,8,,1962,8,,100,,,,,,,,Km2,,,2003-07-01,2023-09-25
1962-0036-IND,Yes,Natural,Hydrological,Flood,Flood (General),,IND,India,,,1962,9,,1962,9,,73,,,,,,,,Km2,,,2003-07-01,2023-09-25
1964-0038-IND,Yes,Natural,Hydrological,Flood,Flood (General),,IND,India,"Assam, Bihar, Punjab",,1964,7,,1964,7,,145,,752210,,752210,,,,Km2,,,2003-07-01,2023-09-25
1964-9044-IND,Yes,Natural,Climatological,Drought,Drought,,IND,India,Mysore,,1964,8,,1964,,,,,166000,,166000,,,,Km2,,,2006-08-08,2025-03-06
1966-0143-IND,Yes,Natural,Geophysical,Earthquake,Ground movement,,IND,India,North,,1966,8,15,1966,8,15,15,,,,,,,5.6,Moment Magnitude,28.7,78.9,2020-03-10,2023-09-25
1967-0055-IND,Yes,Natural,Hydrological,Flood,Flood (General),,IND,India,"North, Central",,1967,9,5,1967,9,5,300,,1000000,,1000000,,,,Km2,,,2003-07-01,2023-09-25
1968-0051-IND,Yes,Natural,Hydrological,Flood,Flood (General),,IND,India,Assam,,1968,6,12,1968,6,12,,,1000000,,1000000,,,,Km2,,,2003-07-01,2023-09-25
1969-0081-IND,Yes,Natural,Meteorological,Storm,Storm (General),,IND,India,Kannaman,,1969,7,22,1969,7,22,15,,92,,92,,,,Kph,,,2003-07-01,2023-09-25
1969-0109-IND,Yes,Natural,Meteorological,Storm,Tropical cyclone,,IND,India,Andhra Pradesh,,1969,11,4,1969,11,4,200,,,,,,,,Kph,,,2003-07-01,2023-09-25
1970-0034-IND,Yes,Natural,Hydrological,Flood,Flood (General),,IND,India,"North-East, Western, North",,1970,7,,1970,7,,627,1000,10000000,350000,10351000,101200,839166,,Km2,,,2003-07-01,2023-09-25
1990-0589-IND,Yes,Natural,Hydrological,Flood,Flood (General),,IND,India,,,1990,8,,1990,8,,74,,,2000,2000,,,,Km2,,,2003-07-01,2023-09-25
1971-0037-IND,Yes,Natural,Hydrological,Flood,Flood (General),,IND,India,North,,1971,6,,1971,6,,1023,,,,,530000,4213947,,Km2,,,2003-07-01,2023-09-25
1971-0058-IND,Yes,Natural,Meteorological,Storm,Tropical cyclone,,IND,India,"Bhadrak, Balasore, Cuttack and Jagatsinghpur districts (Orissa state/Odisha), West Bengal",,1971,10,27,1971,10,27,9658,,4900000,2000000,6900000,30000,238525,175,Kph,,,2003-07-01,2026-04-20
1971-0116-IND,Yes,Natural,Hydrological,Flood,Flood (General),,IND,India,"Brahmaputra, Dhemaji, North Lakhimpur, Jorhat, Tezpur sub-divisions",,1971,6,,1971,6,,,,130000,,130000,,,2600,Km2,,,2003-07-01,2023-09-25
1977-0133-IND,Yes,Natural,Meteorological,Storm,Tropical cyclone,,IND,India,"Tamil Nadu, Andhra Pradesh, Kerala",,1977,11,14,1977,11,15,14204,,9037400,5432400,14469800,498535,2648148,205,Kph,,,2003-07-01,2026-04-23
1978-0044-IND,Yes,Natural,Meteorological,Storm,Tornado,,IND,India,New Delhi,,1978,3,17,1978,3,17,26,700,,,700,,,,Kph,,,2003-07-01,2023-09-25
1978-0111-IND,Yes,Natural,Hydrological,Flood,Flood (General),,IND,India,West Bengal,,1978,9,,1978,9,,810,,,,,1000,4935,,Km2,,,2003-07-01,2023-09-25
1979-0045-IND,Yes,Natural,Meteorological,Extreme temperature,Heat wave,,IND,India,Bihar,,1979,5,,1979,5,,300,,,,,,,,°C,,,2003-07-01,2023-09-25
1979-0051-IND,Yes,Natural,Meteorological,Storm,Tropical cyclone,,IND,India,Andhra Pradesh,,1979,5,12,1979,5,12,594,,1605772,,1605772,12800,56781,,Kph,,,2003-07-01,2023-09-25
1979-0100-IND,Yes,Natural,Hydrological,Flood,Flood (General),,IND,India,Tamil Nadu,,1979,11,,1979,11,,140,,,,,,,,Km2,,,2003-07-01,2023-09-25
1979-9005-IND,Yes,Natural,Climatological,Drought,Drought,,IND,India,,,1979,,,1979,,,,,10000000,,10000000,200000,887201,,Km2,,,2006-02-13,2025-03-12
1980-0084-IND,Yes,Natural,Geophysical,Earthquake,Ground movement,,IND,India,Jammu (Kashmir),,1980,8,24,1980,8,24,13,40,,,40,,,5.5,Moment Magnitude,32.913,75.633,2004-01-20,2023-09-25
1980-0085-IND,Yes,Natural,Hydrological,Flood,Flood (General),,IND,India,Orissa,,1980,9,,1980,9,,200,,2000000,,2000000,,,,Km2,,,2003-07-01,2023-09-25
1980-0324-IND,Yes,Natural,Hydrological,Flood,Flood (General),,IND,India,,,1980,7,,1980,7,,600,,,,,,,,Km2,,,2003-07-01,2023-09-25
1980-0357-IND,Yes,Natural,Meteorological,Extreme temperature,Heat wave,,IND,India,"Bihar, Uttar Pradesh states",,1980,4,29,1980,4,29,50,,,,,,,40,°C,,,2003-07-01,2023-09-25
1981-0003-IND,Yes,Natural,Meteorological,Extreme temperature,Cold wave,,IND,India,Northern,,1981,1,,1981,1,,300,,,,,,,,°C,,,2003-07-01,2023-09-25
1981-0206-IND,Yes,Natural,Meteorological,Storm,Tropical cyclone,,IND,India,"Puri, Ganjam, Koraput, Kalhandi, Phulbani, Sundergarh districts (Orissa state)",,1981,8,7,1981,8,7,15,,101700,,101700,,,,Kph,,,2003-07-01,2023-09-25
1982-0120-IND,Yes,Natural,Meteorological,Storm,Tropical cyclone,,IND,India,"Gujarat, Maharashtra",,1982,11,9,1982,11,9,500,,5000000,,5000000,625420,2086524,,Kph,,,2003-07-01,2023-09-25
1982-9350-IND,Yes,Natural,Climatological,Drought,Drought,,IND,India,"districts of Bhiwani, Gurgaon, Hisar, Mahendargarh, and Rohtak, Kerala, Tami Nadu, Rajasthan",,1982,6,,1983,,,,,100000000,,100000000,,,,Km2,,,2006-02-13,2025-03-12
1983-0068-IND,Yes,Natural,Meteorological,Storm,Storm (General),,IND,India,West Bengal,,1983,4,13,1983,4,13,24,300,35000,,35300,,,,Kph,,,2003-07-01,2023-09-25
1983-0076-IND,Yes,Natural,Meteorological,Storm,Storm (General),,IND,India,"Himachal Pradesh, Punjab",,1983,5,,1983,5,,31,,,,,25000,80809,,Kph,,,2003-07-01,2023-09-25
1983-0102-IND,Yes,Natural,Hydrological,Flood,Flood (General),,IND,India,Central - Western,,1983,8,,1983,8,,130,,,,,,,,Km2,,,2003-07-01,2023-09-25
1983-0129-IND,Yes,Natural,Meteorological,Storm,Tropical cyclone,,IND,India,"Andhra Pradesh, Orissa",,1983,10,3,1983,10,3,100,,700000,14000,714000,510000,1648503,,Kph,,,2003-07-01,2023-09-25
1999-0177-IND,Yes,Natural,Meteorological,Storm,Tropical cyclone,O2a,IND,India,Gujarat Coast,,1999,5,20,1999,5,23,451,,40696,,40696,20000,38654,200,Kph,,,2007-05-06,2023-09-25
1984-0124-IND,Yes,Natural,Geophysical,Earthquake,Ground movement,,IND,India,Cachar district (Assam),,1984,12,31,1984,12,31,20,100,800,10000,10900,,,6,Moment Magnitude,24.4,92.34,2004-01-13,2023-09-25
1984-0228-IND,Yes,Natural,Meteorological,Storm,Tropical cyclone,,IND,India,"Ravalaseema, Kerala, Tamil Nadu",,1984,11,30,1984,11,30,,,35000,,35000,,,,Kph,,,2003-07-01,2023-09-25
1984-0318-IND,Yes,Natural,Hydrological,Flood,Flood (General),,IND,India,"West Bengal, Uttar Pradesh, Assam, Bihar",,1984,6,25,1984,6,25,200,,3000000,,3000000,,,,Km2,,,2003-07-01,2023-09-25
1984-0322-IND,Yes,Natural,Hydrological,Flood,Flash flood,,IND,India,Ladakh area,,1984,8,16,1984,8,16,14,,,,,,,,Km2,,,2003-07-01,2023-09-25
1985-0069-IND,Yes,Natural,Meteorological,Extreme temperature,Heat wave,,IND,India,Bihar,,1985,6,6,1985,6,6,103,,,,,,,46,°C,,,2003-07-01,2023-09-25
1985-0121-IND,Yes,Natural,Meteorological,Storm,Tropical cyclone,,IND,India,Andhra Pradesh,,1985,10,10,1985,10,10,78,,5000,,5000,,,,Kph,,,2003-07-01,2023-09-25
1986-0084-IND,Yes,Natural,Meteorological,Storm,Storm (General),,IND,India,Uttar Pradesh,,1986,7,31,1986,7,31,71,,,,,,,,Kph,,,2003-07-01,2023-09-25
1986-0134-IND,Yes,Natural,Hydrological,Mass movement (wet),Avalanche (wet),,IND,India,Jammu and Kashmir State,,1986,11,16,1986,11,16,65,,200,,200,,,,,,,2003-07-01,2023-09-25
1986-0385-IND,Yes,Natural,Hydrological,Flood,Flood (General),,IND,India,,,1986,,,1986,,,14,,,150000,150000,,,,Km2,,,2003-07-01,2023-09-25
1987-9024-IND,Yes,Natural,Climatological,Drought,Drought,,IND,India,"Gujarat, Rajasthan, Orissa, Madhya Pradesh, Andhra Pradesh, Maharashtra",,1987,5,,1987,8,,300,,300000000,,300000000,,,,Km2,,,2006-10-26,2025-03-12
2000-0445-IND,No,Natural,Hydrological,Flood,Riverine flood,,IND,India,"Katihar, Sitamarhi districts (Bihar province), Kinnaur district (Himachal Pradesh province), Bankura, Barddhaman, Birbhum, Haora, Hugli, Maldah, Murshidabad, Nadia, North 24 Parganas, West Midnapore districts (West Bengal province), Pithoragarh, Naini Tal districts (Uttarakhand province), Ahmadabad district (Gujarat province), Andhra Pradesh, Assam, Arunachal Pradesh, Madhya Pradesh, Punjab, Uttar Pradesh, Maharashtra, Rajasthan, Chandigarh, Kerala","[{""adm1_code"":1485,""adm1_name"":""Andhra Pradesh""},{""adm1_code"":1487,""adm1_name"":""Assam""},{""adm1_code"":1495,""adm1_name"":""Kerala""},{""adm1_code"":1498,""adm1_name"":""Maharashtra""},{""adm1_code"":1505,""adm1_name"":""Punjab""},{""adm1_code"":1506,""adm1_name"":""Rajasthan""},{""adm1_code"":70036,""adm1_name"":""Administrative unit not available""},{""adm1_code"":70037,""adm1_name"":""Administrative unit not available""},{""adm1_code"":70072,""adm1_name"":""Arunachal Pradesh""},{""adm1_code"":70074,""adm1_name"":""Chandigarh""},{""adm1_code"":70079,""adm1_name"":""Madhya Pradesh""},{""adm1_code"":70081,""adm1_name"":""Uttar Pradesh""},{""adm2_code"":17635,""adm2_name"":""Ahmadabad""},{""adm2_code"":17670,""adm2_name"":""Kinnaur""},{""adm2_code"":17945,""adm2_name"":""Bankura""},{""adm2_code"":17946,""adm2_name"":""Barddhaman""},{""adm2_code"":17947,""adm2_name"":""Birbhum""},{""adm2_code"":17949,""adm2_name"":""Haora""},{""adm2_code"":17950,""adm2_name"":""Hugli""},{""adm2_code"":17953,""adm2_name"":""Maldah""},{""adm2_code"":17955,""adm2_name"":""Murshidabad""},{""adm2_code"":17956,""adm2_name"":""Nadia""},{""adm2_code"":70293,""adm2_name"":""North 24 Parganas""},{""adm2_code"":70296,""adm2_name"":""West Midnapore""},{""adm2_code"":17608,""adm2_name"":""Katihar""},{""adm2_code"":17630,""adm2_name"":""Sitamarhi""},{""adm2_code"":17932,""adm2_name"":""Pithoragarh""},{""adm2_code"":70285,""adm2_name"":""Naini Tal""}]",2000,8,2,2000,8,30,867,,22000000,,22000000,43000,80392,300000,Km2,,,2008-01-03,2025-12-20
2000-9222-IND,No,Natural,Climatological,Drought,Drought,,IND,India,"New Delhi city (Delhi province), Gujarat, Rajasthan, Madhya Prasdesh, Andhra Pradesh, Orissa, Maharashtra provinces","[{""adm1_code"":1485,""adm1_name"":""Andhra Pradesh""},{""adm1_code"":1489,""adm1_name"":""Delhi""},{""adm1_code"":1491,""adm1_name"":""Gujarat""},{""adm1_code"":1498,""adm1_name"":""Maharashtra""},{""adm1_code"":1504,""adm1_name"":""Orissa""},{""adm1_code"":1506,""adm1_name"":""Rajasthan""},{""adm1_code"":70079,""adm1_name"":""Madhya Pradesh""}]",2000,4,,2001,,,20,,50000000,,50000000,588000,1099317,,Km2,,,2008-01-03,2025-12-20
2001-0011-IND,No,Natural,Meteorological,Extreme temperature,Cold wave,,IND,India,"Uttar Pradesh, Bihar, Punjab provinces","[{""adm1_code"":1505,""adm1_name"":""Punjab""},{""adm1_code"":70073,""adm1_name"":""Bihar""},{""adm1_code"":70081,""adm1_name"":""Uttar Pradesh""}]",2001,1,,2001,1,,125,,,,,,,-22,°C,,,2003-07-01,2025-12-20
2001-0332-IND,No,Natural,Hydrological,Flood,Riverine flood,,IND,India,"Marshagal, Mahakalpada villages (Kendrapara district, Orissa province), Kakatpur, Astaranga, Kanas, Delanga villages (Puri district, Orissa province), Banki, Kantapada villages (Cuttack district, Orissa province), Balipatna villages (Khordha district, Orissa province), Atharmalik villages (Angul district, Orissa province), Jajpur, Jagatsinghpur, Kalahandi, Koraput, Bolangir, Nayagarh, Baleshwar, Bhadrak districts (Orissa province), Dhamtari, Raipur, Mahasamund, Janjgir-Champa, Raigarh districts (Chhattisgarh province)","[{""adm2_code"":17809,""adm2_name"":""Cuttack""},{""adm2_code"":17812,""adm2_name"":""Kalahandi""},{""adm2_code"":17814,""adm2_name"":""Koraput""},{""adm2_code"":17818,""adm2_name"":""Puri""},{""adm2_code"":70206,""adm2_name"":""Angul""},{""adm2_code"":70207,""adm2_name"":""Baleshwar""},{""adm2_code"":70209,""adm2_name"":""Bhadrak""},{""adm2_code"":70210,""adm2_name"":""Bolangir""},{""adm2_code"":70214,""adm2_name"":""Jagatsinghpur""},{""adm2_code"":70215,""adm2_name"":""Jajpur""},{""adm2_code"":70218,""adm2_name"":""Kendrapara""},{""adm2_code"":70219,""adm2_name"":""Khordha""},{""adm2_code"":70222,""adm2_name"":""Nayagarh""},{""adm2_code"":70108,""adm2_name"":""Dhamtari""},{""adm2_code"":70109,""adm2_name"":""Janjgir-Champa""},{""adm2_code"":70115,""adm2_name"":""Mahasamund""},{""adm2_code"":70116,""adm2_name"":""Raipur""},{""adm2_code"":70297,""adm2_name"":""Raigarh""}]",2001,7,8,2001,7,10,100,,9670000,,9670000,90000,163638,105100,Km2,,,2005-09-20,2025-12-20
2001-0349-IND,No,Natural,Hydrological,Flood,Flood (General),,IND,India,"Hosdurg borough (Kanhangad city, Kasaragod district, Kerala province), Vertak Nagar area (Thane district, Maharashtra province), Bhandup area (Mumbai Suburban district, Maharashtra province)","[{""adm2_code"":17701,""adm2_name"":""Kasaragod""},{""adm2_code"":17783,""adm2_name"":""Thane""},{""adm2_code"":70183,""adm2_name"":""Mumbai Suburban""}]",2001,6,,2001,6,,28,4,,,4,,,,Km2,,,2003-07-01,2025-12-20
2001-0515-IND,No,Natural,Hydrological,Flood,Flood (General),,IND,India,"Gopalganj, Purba Champaran, Pashchim Champaran, Muzaffarpur, Vaishali, Saran districts (Bihar province)","[{""adm2_code"":17604,""adm2_name"":""Gopalganj""},{""adm2_code"":17613,""adm2_name"":""Muzaffarpur""},{""adm2_code"":17618,""adm2_name"":""Pashchim Champaran""},{""adm2_code"":17620,""adm2_name"":""Purba Champaran""},{""adm2_code"":17628,""adm2_name"":""Saran""},{""adm2_code"":17632,""adm2_name"":""Vaishali""}]",2001,8,20,2001,8,20,158,,7000000,,7000000,26000,47273,550,Km2,,,2003-07-01,2025-12-20
2002-0490-IND,No,Natural,Hydrological,Flood,Riverine flood,,IND,India,"Tehri Garhwal district (Uttaranchal province), Bihar, Assam, Manipur provinces","[{""adm1_code"":1487,""adm1_name"":""Assam""},{""adm1_code"":1500,""adm1_name"":""Manipur""},{""adm1_code"":70073,""adm1_name"":""Bihar""},{""adm2_code"":70287,""adm2_name"":""Tehri Garhwal""}]",2002,8,11,2002,8,13,33,50,,,50,20000,35796,6770,Km2,,,2005-09-23,2025-12-20
1996-0181-IND,Yes,Natural,Hydrological,Flood,Flood (General),,IND,India,Jammu & Kashmir state,,1996,8,23,1996,8,23,226,,70000,,70000,,,29600,Km2,,,2003-07-01,2023-09-25
1996-0501-IND,Yes,Natural,Hydrological,Flood,Flood (General),,IND,India,"Bihar, Assam, Gujarat, Haryana, Kerala, Rajasthan, Uttar Pradesh",,1996,8,25,1996,9,1,500,,,100000,100000,17600,36125,,Km2,,,2006-07-11,2023-09-25
1997-0115-IND,Yes,Natural,Geophysical,Earthquake,Ground movement,,IND,India,Jabalpur (Madhya Pradesh),,1997,5,22,1997,5,22,43,1500,125000,30000,156500,37000,74210,6,Moment Magnitude,23.083,80.041,2004-03-25,2023-09-25
1997-0182-IND,Yes,Natural,Hydrological,Flood,Coastal flood,,IND,India,Coastal districts of West Bengal (no better info),,1997,8,22,1997,8,22,400,,,,,,,3,Km2,,,2003-07-01,2023-09-25
1998-0178-IND,Yes,Natural,Hydrological,Mass movement (wet),Landslide (wet),,IND,India,Assam,,1998,6,3,1998,6,3,48,150,,,150,,,,,,,2006-07-10,2023-09-25
1998-0253-IND,Yes,Natural,Hydrological,Mass movement (wet),Landslide (wet),,IND,India,"Malpa village (Pithoragrah district, Uttar Pradesh state)",,1998,8,17,1998,8,17,239,,200000,,200000,,,,,,,2003-07-01,2023-09-25
1998-0450-IND,Yes,Natural,Hydrological,Flood,Flood (General),,IND,India,"Andhra Pradesh, Hyderabad",,1998,9,20,1998,9,20,230,,375000,,375000,528600,1043990,8000,Km2,,,2006-07-09,2023-09-25
1998-0455-IND,Yes,Natural,Meteorological,Extreme temperature,Cold wave,,IND,India,"Uttar Pradesh, Bihar, Rajasthan, Jammu and Cachemire states",,1998,12,15,1998,12,15,100,,,,,,,,°C,,,2003-07-01,2023-09-25
2000-0358-IND,No,Natural,Hydrological,Mass movement (wet),Landslide (wet),,IND,India,"Moradabad, Bijnor districts (Uttar Pradesh province), Uttarakhand province","[{""adm1_code"":70082,""adm1_name"":""Uttarakhand""},{""adm2_code"":17899,""adm2_name"":""Bijnor""},{""adm2_code"":17928,""adm2_name"":""Moradabad""}]",2000,6,,2000,6,,43,,,,,,,,,,,2003-07-01,2025-12-20
2000-0498-IND,No,Natural,Hydrological,Mass movement (wet),Landslide (wet),,IND,India,"Pithoragarh, Naini Tal districts (Uttarakhand province)","[{""adm2_code"":17932,""adm2_name"":""Pithoragarh""},{""adm2_code"":70285,""adm2_name"":""Naini Tal""}]",2000,8,11,2000,8,11,86,,,,,,,,,,,2003-07-01,2025-12-20
2000-0534-IND,No,Natural,Hydrological,Flood,Flash flood,,IND,India,"Adilabad, Cuddapah, East Godavari, Guntur, Hyderabad, Karimnagar, Khammam, Krishna, Kurnool, Mahbubnagar, Medak, Nalgonda, Nellore, Nizamabad, Prakasam, Rangareddi, Vishakhapatnam, Warangal, West Godavari districts (Andhra Pradesh province)","[{""adm2_code"":17547,""adm2_name"":""Adilabad""},{""adm2_code"":17550,""adm2_name"":""Cuddapah""},{""adm2_code"":17551,""adm2_name"":""East Godavari""},{""adm2_code"":17552,""adm2_name"":""Guntur""},{""adm2_code"":17553,""adm2_name"":""Hyderabad""},{""adm2_code"":17554,""adm2_name"":""Karimnagar""},{""adm2_code"":17555,""adm2_name"":""Khammam""},{""adm2_code"":17556,""adm2_name"":""Krishna""},{""adm2_code"":17557,""adm2_name"":""Kurnool""},{""adm2_code"":17558,""adm2_name"":""Mahbubnagar""},{""adm2_code"":17559,""adm2_name"":""Medak""},{""adm2_code"":17560,""adm2_name"":""Nalgonda""},{""adm2_code"":17561,""adm2_name"":""Nellore""},{""adm2_code"":17562,""adm2_name"":""Nizamabad""},{""adm2_code"":17563,""adm2_name"":""Prakasam""},{""adm2_code"":17564,""adm2_name"":""Rangareddi""},{""adm2_code"":17566,""adm2_name"":""Vishakhapatnam""},{""adm2_code"":17568,""adm2_name"":""Warangal""},{""adm2_code"":17569,""adm2_name"":""West Godavari""}]",2000,8,23,2000,8,31,179,16,,252000,252016,173000,323439,129500,Km2,,,2006-02-23,2025-12-20
2000-0610-IND,No,Natural,Hydrological,Flood,Riverine flood,,IND,India,"Birbhum, Bardhaman, Murshidabad, Maldah districts (West Bengal province), Dumka, Sahibganj, Deoghar districts (Jharkhand province), Banka, Bhagalpur, Munger, Sheikhpura districts (Bihar province)","[{""adm2_code"":17946,""adm2_name"":""Barddhaman""},{""adm2_code"":17947,""adm2_name"":""Birbhum""},{""adm2_code"":17953,""adm2_name"":""Maldah""},{""adm2_code"":17955,""adm2_name"":""Murshidabad""},{""adm2_code"":17596,""adm2_name"":""Bhagalpur""},{""adm2_code"":17614,""adm2_name"":""Munger""},{""adm2_code"":70095,""adm2_name"":""Banka""},{""adm2_code"":70102,""adm2_name"":""Sheikhpura""},{""adm2_code"":17600,""adm2_name"":""Deoghar""},{""adm2_code"":70142,""adm2_name"":""Dumka""},{""adm2_code"":70154,""adm2_name"":""Sahibganj""}]",2000,9,18,2000,10,21,884,,24600000,,24600000,691500,1292820,12680,Km2,,,2005-09-15,2025-12-20
2001-0033-IND,No,Natural,Geophysical,Earthquake,Ground movement,,IND,India,"Ahmadabad, Amreli, Anand, Banas Kantha, Bharuch, Bhavnagar, Dahdod, Gandhinagar, Jamnagar, Junagadh, Kachchh, Kheda, Mahesana, Navsari, Patan, Porbandar, Rajkot, Sabar Kantha, Surat, Surendranagar, Vadodara districts (Gurajat province)","[{""adm2_code"":17635,""adm2_name"":""Ahmadabad""},{""adm2_code"":17636,""adm2_name"":""Amreli""},{""adm2_code"":17637,""adm2_name"":""Banas Kantha""},{""adm2_code"":17638,""adm2_name"":""Bharuch""},{""adm2_code"":17639,""adm2_name"":""Bhavnagar""},{""adm2_code"":17640,""adm2_name"":""Gandhinagar""},{""adm2_code"":17641,""adm2_name"":""Jamnagar""},{""adm2_code"":17642,""adm2_name"":""Junagadh""},{""adm2_code"":17643,""adm2_name"":""Kachchh""},{""adm2_code"":17644,""adm2_name"":""Kheda""},{""adm2_code"":17645,""adm2_name"":""Mahesana""},{""adm2_code"":17647,""adm2_name"":""Rajkot""},{""adm2_code"":17648,""adm2_name"":""Sabar Kantha""},{""adm2_code"":17649,""adm2_name"":""Surat""},{""adm2_code"":17650,""adm2_name"":""Surendranagar""},{""adm2_code"":17652,""adm2_name"":""Vadodara""},{""adm2_code"":70124,""adm2_name"":""Anand""},{""adm2_code"":70125,""adm2_name"":""Dahod""},{""adm2_code"":70127,""adm2_name"":""Navsari""},{""adm2_code"":70129,""adm2_name"":""Patan""},{""adm2_code"":70130,""adm2_name"":""Porbandar""}]",2001,1,26,2001,1,26,20005,166812,4365000,1790000,6321812,2623000,4769144,7.7,Moment Magnitude,23.419,70.232,2014-04-04,2025-12-20
2001-0414-IND,No,Natural,Hydrological,Mass movement (wet),Landslide (wet),,IND,India,Rudra Prayag district (Uttarakhand province),"[{""adm2_code"":70286,""adm2_name"":""Rudra Prayag""}]",2001,7,16,2001,7,16,27,,,,,,,,,,,2003-07-01,2025-12-20
2001-0584-IND,No,Natural,Meteorological,Storm,Tropical cyclone,,IND,India,Andhra Pradesh province,"[{""adm1_code"":1485,""adm1_name"":""Andhra Pradesh""}]",2001,10,,2001,10,,78,,25000,2000,27000,,,,Kph,,,2003-07-01,2025-12-20
2001-0681-IND,No,Natural,Meteorological,Extreme temperature,Cold wave,,IND,India,"Uttar Pradesh, Rajasthan provinces","[{""adm1_code"":1506,""adm1_name"":""Rajasthan""},{""adm1_code"":70081,""adm1_name"":""Uttar Pradesh""}]",2001,12,,2001,12,,48,,,,,,,,°C,,,2003-07-01,2025-12-20
2001-0794-IND,No,Natural,Hydrological,Flood,Flood (General),,IND,India,"Saran, Gopalganj districts (Bihar province)","[{""adm2_code"":17604,""adm2_name"":""Gopalganj""},{""adm2_code"":17628,""adm2_name"":""Saran""}]",2001,9,7,2001,9,24,146,,,,,103000,187275,,Km2,,,2006-07-20,2025-12-20
2002-0216-IND,No,Natural,Meteorological,Storm,Hail,,IND,India,Orissa province,"[{""adm1_code"":1504,""adm1_name"":""Orissa""}]",2002,4,11,2002,4,11,,200,10000,,10200,,,,Kph,,,2003-07-01,2025-12-20
2002-0584-IND,No,Natural,Geophysical,Earthquake,Ground movement,,IND,India,Andaman Islands district (Andaman and Nicobar province),"[{""adm2_code"":17545,""adm2_name"":""Andaman Islands""}]",2002,9,13,2002,9,13,2,,,200,200,,,6.5,Moment Magnitude,13.036,93.068,2005-06-27,2025-12-20
2002-9349-IND,No,Natural,Climatological,Drought,Drought,,IND,India,"Uttar Pradesh, Madhya Pradesh, Rajasthan, Punjab, Haryana, Delhi, Karnataka, Kerala, Nagaland, Orissa, Chhattisgarh, Himachal Pradesh, Gujarat, Maharashtra, Andhra Pradesh, Tamil Nadu provinces","[{""adm1_code"":1485,""adm1_name"":""Andhra Pradesh""},{""adm1_code"":1489,""adm1_name"":""Delhi""},{""adm1_code"":1491,""adm1_name"":""Gujarat""},{""adm1_code"":1492,""adm1_name"":""Haryana""},{""adm1_code"":1493,""adm1_name"":""Himachal Pradesh""},{""adm1_code"":1494,""adm1_name"":""Karnataka""},{""adm1_code"":1495,""adm1_name"":""Kerala""},{""adm1_code"":1498,""adm1_name"":""Maharashtra""},{""adm1_code"":1503,""adm1_name"":""Nagaland""},{""adm1_code"":1504,""adm1_name"":""Orissa""},{""adm1_code"":1505,""adm1_name"":""Punjab""},{""adm1_code"":1506,""adm1_name"":""Rajasthan""},{""adm1_code"":1508,""adm1_name"":""Tamil Nadu""},{""adm1_code"":70075,""adm1_name"":""Chhattisgarh""},{""adm1_code"":70079,""adm1_name"":""Madhya Pradesh""},{""adm1_code"":70081,""adm1_name"":""Uttar Pradesh""}]",2002,7,,2002,,,,,300000000,,300000000,910722,1630024,560000,Km2,,,2008-01-03,2025-12-20
2003-0151-IND,No,Natural,Hydrological,Mass movement (wet),Avalanche (wet),,IND,India,Administrative unit not available district (Jammu and Kashmir province),"[{""adm2_code"":40419,""adm2_name"":""Administrative unit not available""}]",2003,3,3,2003,3,3,25,,,,,,,,,,,2003-10-06,2023-09-25
2003-0387-IND,No,Natural,Hydrological,Flood,Riverine flood,,IND,India,"Khavda, Banni, Natkharana, Lakhpat villages (Kachchh district, Gujarat province)","[{""adm2_code"":17643,""adm2_name"":""Kachchh""}]",2003,7,15,2003,9,1,13,,10000,4500,14500,,,,Km2,,,2004-02-18,2025-12-20
2003-0636-IND,No,Natural,Meteorological,Extreme temperature,Cold wave,,IND,India,"Uttar Pradesh, Himachal Pradesh, Haryana, Jammu and Kashmir provinces","[{""adm1_code"":1492,""adm1_name"":""Haryana""},{""adm1_code"":1493,""adm1_name"":""Himachal Pradesh""},{""adm1_code"":40408,""adm1_name"":""Administrative unit not available""},{""adm1_code"":40409,""adm1_name"":""Administrative unit not available""},{""adm1_code"":40422,""adm1_name"":""Administrative unit not available""},{""adm1_code"":40423,""adm1_name"":""Administrative unit not available""},{""adm1_code"":40424,""adm1_name"":""Administrative unit not available""},{""adm1_code"":40425,""adm1_name"":""Administrative unit not available""},{""adm1_code"":40426,""adm1_name"":""Administrative unit not available""},{""adm1_code"":40427,""adm1_name"":""Administrative unit not available""},{""adm1_code"":40428,""adm1_name"":""Administrative unit not available""},{""adm1_code"":40429,""adm1_name"":""Administrative unit not available""},{""adm1_code"":40430,""adm1_name"":""Administrative unit not available""},{""adm1_code"":40431,""adm1_name"":""Administrative unit not available""},{""adm1_code"":70081,""adm1_name"":""Uttar Pradesh""}]",2003,12,15,2004,1,,400,,,,,,,,°C,,,2004-01-16,2025-12-20
2003-0775-IND,No,Natural,Hydrological,Flood,Riverine flood,,IND,India,Uttar Pradesh province,"[{""adm1_code"":70081,""adm1_name"":""Uttar Pradesh""}]",2003,9,10,2003,9,10,37,,,,,,,,Km2,,,2004-03-02,2025-12-20
2004-0321-IND,No,Natural,Hydrological,Flood,Riverine flood,,IND,India,"Wayanad, Kozhikode, Kannur, Kasaragod districts (Kerala province)","[{""adm2_code"":17698,""adm2_name"":""Kannur""},{""adm2_code"":17701,""adm2_name"":""Kasaragod""},{""adm2_code"":17703,""adm2_name"":""Kozhikode""},{""adm2_code"":17710,""adm2_name"":""Wayanad""}]",2004,6,9,2004,6,11,45,,1000,,1000,,,9000,Km2,,,2005-03-08,2025-12-20
2004-0489-IND,No,Natural,Hydrological,Flood,Flash flood,,IND,India,"Uttar Pradesh, Himachal Pradesh provinces","[{""adm1_code"":1493,""adm1_name"":""Himachal Pradesh""},{""adm1_code"":70081,""adm1_name"":""Uttar Pradesh""}]",2004,9,20,2004,9,22,33,,,,,,,,Km2,,,2004-09-24,2025-12-20
2005-0090-IND,No,Natural,Hydrological,Mass movement (wet),Avalanche (wet),,IND,India,Administrative unit not available districts (Jammu and Kashmir province),"[{""adm2_code"":72802,""adm2_name"":""Administrative unit not available""},{""adm2_code"":72838,""adm2_name"":""Administrative unit not available""},{""adm2_code"":72810,""adm2_name"":""Administrative unit not available""}]",2005,2,15,2005,2,21,250,,5000,,5000,50000,82426,,,,,2006-01-18,2025-06-25
2005-0314-IND,No,Natural,Hydrological,Flood,Riverine flood,,IND,India,Mokokchung district (Nagaland province),"[{""adm2_code"":17802,""adm2_name"":""Mokokchung""}]",2005,5,27,2005,5,27,14,12,,,12,,,,Km2,,,2005-07-25,2025-12-20
2005-0409-IND,No,Natural,Hydrological,Flood,Riverine flood,,IND,India,"Gujarat, Madhya Pradesh, Maharashtra, Goa, Orissa, Karnataka, Himachal Pradesh, Jammu and Kashmir provinces","[{""adm1_code"":1490,""adm1_name"":""Goa""},{""adm1_code"":1491,""adm1_name"":""Gujarat""},{""adm1_code"":1493,""adm1_name"":""Himachal Pradesh""},{""adm1_code"":1494,""adm1_name"":""Karnataka""},{""adm1_code"":1498,""adm1_name"":""Maharashtra""},{""adm1_code"":1504,""adm1_name"":""Orissa""},{""adm1_code"":40408,""adm1_name"":""Administrative unit not available""},{""adm1_code"":40409,""adm1_name"":""Administrative unit not available""},{""adm1_code"":40422,""adm1_name"":""Administrative unit not available""},{""adm1_code"":40423,""adm1_name"":""Administrative unit not available""},{""adm1_code"":40424,""adm1_name"":""Administrative unit not available""},{""adm1_code"":40425,""adm1_name"":""Administrative unit not available""},{""adm1_code"":40426,""adm1_name"":""Administrative unit not available""},{""adm1_code"":40427,""adm1_name"":""Administrative unit not available""},{""adm1_code"":40428,""adm1_name"":""Administrative unit not available""},{""adm1_code"":40429,""adm1_name"":""Administrative unit not available""},{""adm1_code"":40430,""adm1_name"":""Administrative unit not available""},{""adm1_code"":40431,""adm1_name"":""Administrative unit not available""},{""adm1_code"":70079,""adm1_name"":""Madhya Pradesh""}]",2005,7,24,2005,8,5,1200,55,20000000,,20000055,3330000,5489584,35550,Km2,,,2006-01-16,2025-12-20
2005-0471-IND,No,Natural,Hydrological,Flood,Flash flood,,IND,India,Azamgarh district (Uttar Pradesh province),"[{""adm2_code"":17892,""adm2_name"":""Azamgarh""}]",2005,8,26,2005,8,28,27,,800000,,800000,,,12680,Km2,,,2006-02-28,2025-12-20
2005-0541-IND,No,Natural,Hydrological,Flood,Riverine flood,,IND,India,"Raj Nandgaon, Durg districts (Chhattisgarh province), Baleshwar, Bhadrak, Jajpur districts (Orissa province), Bhandara, Gondiya, Nagpur districts (Maharashtra province), Balaghat, Katni, Jabalpur, Seoni districts (Madhya Pradesh province)","[{""adm2_code"":17761,""adm2_name"":""Bhandara""},{""adm2_code"":17771,""adm2_name"":""Nagpur""},{""adm2_code"":70180,""adm2_name"":""Gondiya""},{""adm2_code"":70207,""adm2_name"":""Baleshwar""},{""adm2_code"":70209,""adm2_name"":""Bhadrak""},{""adm2_code"":70215,""adm2_name"":""Jajpur""},{""adm2_code"":17724,""adm2_name"":""Durg""},{""adm2_code"":70117,""adm2_name"":""Raj Nandgaon""},{""adm2_code"":17712,""adm2_name"":""Balaghat""},{""adm2_code"":17730,""adm2_name"":""Jabalpur""},{""adm2_code"":17747,""adm2_name"":""Seoni""},{""adm2_code"":70174,""adm2_name"":""Katni""}]",2005,9,14,2005,9,20,89,,550000,,550000,420000,692380,312900,Km2,,,2006-04-19,2025-12-20
2005-0627-IND,No,Natural,Hydrological,Flood,Riverine flood,,IND,India,"Salem, Namakkal, Karur, Erode, Tiruchchirappalli, Vellore, Perambalur, Nagapattinam, Kanniyakumari, Dharmapuri, Madurai, Villupuram, Chennai, Cuddalore districts (Tamil Nadu province), Karaikal district (Puducherry province), Bangalore Rural, Bangalore Urban, Mysore districts (Karnataka province), Nellore, Chittoor, Vishakhapatnam, Srikakulam, Vizianagaram, Cuddapah districts (Andhra Pradesh province), West Bengal, Orissa provinces","[{""adm1_code"":1504,""adm1_name"":""Orissa""},{""adm1_code"":1511,""adm1_name"":""West Bengal""},{""adm2_code"":17549,""adm2_name"":""Chittoor""},{""adm2_code"":17550,""adm2_name"":""Cuddapah""},{""adm2_code"":17561,""adm2_name"":""Nellore""},{""adm2_code"":17565,""adm2_name"":""Srikakulam""},{""adm2_code"":17566,""adm2_name"":""Vishakhapatnam""},{""adm2_code"":17567,""adm2_name"":""Vizianagaram""},{""adm2_code"":17692,""adm2_name"":""Mysore""},{""adm2_code"":70158,""adm2_name"":""Bangalore Rural""},{""adm2_code"":70159,""adm2_name"":""Bangalore Urban""},{""adm2_code"":17868,""adm2_name"":""Dharmapuri""},{""adm2_code"":17870,""adm2_name"":""Kanniyakumari""},{""adm2_code"":17875,""adm2_name"":""Erode""},{""adm2_code"":17879,""adm2_name"":""Salem""},{""adm2_code"":17883,""adm2_name"":""Tiruchchirappalli""},{""adm2_code"":70242,""adm2_name"":""Chennai""},{""adm2_code"":70243,""adm2_name"":""Cuddalore""},{""adm2_code"":70245,""adm2_name"":""Karur""},{""adm2_code"":70246,""adm2_name"":""Madurai""},{""adm2_code"":70247,""adm2_name"":""Nagapattinam""},{""adm2_code"":70248,""adm2_name"":""Namakkal""},{""adm2_code"":70249,""adm2_name"":""Perambalur""},{""adm2_code"":70254,""adm2_name"":""Vellore""},{""adm2_code"":70255,""adm2_name"":""Villupuram""},{""adm2_code"":70226,""adm2_name"":""Karaikal""}]",2005,10,23,2005,11,13,162,,2000000,,2000000,,,131300,Km2,,,2006-04-27,2025-12-20
2006-0370-IND,No,Natural,Hydrological,Flood,Riverine flood,,IND,India,"Gajapati, Rayagada districts (Orissa province)","[{""adm2_code"":70213,""adm2_name"":""Gajapati""},{""adm2_code"":70224,""adm2_name"":""Rayagada""}]",2006,7,3,2006,7,8,33,,,,,,,31360,Km2,19.17,83.65,2007-01-06,2025-12-20
2006-0443-IND,No,Natural,Hydrological,Flood,Riverine flood,,IND,India,Gujarat province,"[{""adm1_code"":1491,""adm1_name"":""Gujarat""}]",2006,8,,2006,8,,,,50000,,50000,,,,Km2,,,2006-08-17,2025-12-20
2006-0417-IND,No,Natural,Hydrological,Flood,Riverine flood,,IND,India,"Andhra Pradesh, Gujarat, Maharashtra, Chhattisgarh, Rajasthan, Madhya Pradesh, Orissa, Karnataka provinces","[{""adm1_code"":1485,""adm1_name"":""Andhra Pradesh""},{""adm1_code"":1491,""adm1_name"":""Gujarat""},{""adm1_code"":1494,""adm1_name"":""Karnataka""},{""adm1_code"":1498,""adm1_name"":""Maharashtra""},{""adm1_code"":1504,""adm1_name"":""Orissa""},{""adm1_code"":1506,""adm1_name"":""Rajasthan""},{""adm1_code"":70075,""adm1_name"":""Chhattisgarh""},{""adm1_code"":70079,""adm1_name"":""Madhya Pradesh""}]",2006,7,28,2006,9,12,350,65,,4000000,4000065,3390000,5413848,165400,Km2,20.19,73.82,2007-03-09,2025-12-20
2006-0469-IND,No,Natural,Hydrological,Flood,Riverine flood,,IND,India,"Barmer, Jaisalmer, Kota, Udaipur districts (Rajasthan province)","[{""adm2_code"":17837,""adm2_name"":""Barmer""},{""adm2_code"":17848,""adm2_name"":""Jaisalmer""},{""adm2_code"":17853,""adm2_name"":""Kota""},{""adm2_code"":17860,""adm2_name"":""Udaipur""}]",2006,8,18,2006,9,2,135,,20000,,20000,,,,Km2,,,2007-03-09,2025-12-20
2006-0510-IND,No,Natural,Meteorological,Storm,Tropical cyclone,,IND,India,"Andhra Pradesh, West Bengal, Bihar provinces","[{""adm1_code"":1485,""adm1_name"":""Andhra Pradesh""},{""adm1_code"":1511,""adm1_name"":""West Bengal""},{""adm1_code"":70073,""adm1_name"":""Bihar""}]",2006,9,18,2006,10,5,114,300,,150000,150300,,,,Kph,19.73,83.75,2007-01-07,2025-12-20
2007-0207-IND,No,Natural,Meteorological,Extreme temperature,Heat wave,,IND,India,"Uttar Pradesh, Rajasthan, Punjab, Delhi provinces","[{""adm1_code"":1489,""adm1_name"":""Delhi""},{""adm1_code"":1505,""adm1_name"":""Punjab""},{""adm1_code"":1506,""adm1_name"":""Rajasthan""},{""adm1_code"":70081,""adm1_name"":""Uttar Pradesh""}]",2007,4,,2007,6,,72,,,,,,,44.9,°C,,,2007-06-18,2025-12-20
2007-0240-IND,No,Natural,Hydrological,Flood,Riverine flood,,IND,India,"Raipur, Bilaspur, Mahasamund, Durg districts (Chhattisgarh province)","[{""adm2_code"":17724,""adm2_name"":""Durg""},{""adm2_code"":70106,""adm2_name"":""Bilaspur""},{""adm2_code"":70115,""adm2_name"":""Mahasamund""},{""adm2_code"":70116,""adm2_name"":""Raipur""}]",2007,6,30,2007,7,13,29,,50000,,50000,,,74000,Km2,20.05,81.86,2007-12-13,2025-12-20
2007-0311-IND,No,Natural,Hydrological,Flood,Riverine flood,,IND,India,"Udaipur, Amarpur cities (South Tripura district, Tripura province), Sonamura citiy (West Tripura district, Tripura province)","[{""adm2_code"":17886,""adm2_name"":""South Tripura""},{""adm2_code"":17887,""adm2_name"":""West Tripura""}]",2007,7,21,2007,8,3,,,,,,,,,Km2,23.92,91.23,2007-08-07,2025-12-20
2007-0556-IND,No,Natural,Meteorological,Storm,Tropical cyclone,Cyclone 'Sidr',IND,India,"West Bengal, Orissa provinces","[{""adm1_code"":1504,""adm1_name"":""Orissa""},{""adm1_code"":1511,""adm1_name"":""West Bengal""}]",2007,11,15,2007,11,15,,,,,,,,,Kph,,,2008-08-01,2025-12-20
2007-0687-IND,No,Natural,Meteorological,Extreme temperature,Cold wave,,IND,India,Jammu and Kashmir province,"[{""adm1_code"":40408,""adm1_name"":""Administrative unit not available""},{""adm1_code"":40409,""adm1_name"":""Administrative unit not available""},{""adm1_code"":40422,""adm1_name"":""Administrative unit not available""},{""adm1_code"":40423,""adm1_name"":""Administrative unit not available""},{""adm1_code"":40424,""adm1_name"":""Administrative unit not available""},{""adm1_code"":40425,""adm1_name"":""Administrative unit not available""},{""adm1_code"":40426,""adm1_name"":""Administrative unit not available""},{""adm1_code"":40427,""adm1_name"":""Administrative unit not available""},{""adm1_code"":40428,""adm1_name"":""Administrative unit not available""},{""adm1_code"":40429,""adm1_name"":""Administrative unit not available""},{""adm1_code"":40430,""adm1_name"":""Administrative unit not available""},{""adm1_code"":40431,""adm1_name"":""Administrative unit not available""}]",2007,3,11,2007,3,14,66,25,,,25,,,,°C,,,2008-03-12,2025-12-20
2008-0560-IND,No,Natural,Hydrological,Flood,Flash flood,,IND,India,"Thiruvallur, Thoothukudi, Villupuram, Ramanathapuram, Tirunelveli Kattabo, Pudukkottai, Kanniyakumari, Nagapattinam, Cuddalore, Chennai districts (Tamil Nadu province), Puducherry, Karaikal districts (Puducherry province)","[{""adm2_code"":17866,""adm2_name"":""Thoothukudi""},{""adm2_code"":17870,""adm2_name"":""Kanniyakumari""},{""adm2_code"":17876,""adm2_name"":""Pudukkottai""},{""adm2_code"":17878,""adm2_name"":""Ramanathapuram""},{""adm2_code"":17884,""adm2_name"":""Tirunelveli Kattabo""},{""adm2_code"":70242,""adm2_name"":""Chennai""},{""adm2_code"":70243,""adm2_name"":""Cuddalore""},{""adm2_code"":70247,""adm2_name"":""Nagapattinam""},{""adm2_code"":70251,""adm2_name"":""Thiruvallur""},{""adm2_code"":70255,""adm2_name"":""Villupuram""},{""adm2_code"":70226,""adm2_name"":""Karaikal""},{""adm2_code"":70228,""adm2_name"":""Puducherry""}]",2008,11,27,2008,12,4,54,,803740,,803740,,,,Km2,,,2009-01-12,2025-12-20
2008-0615-IND,No,Natural,Hydrological,Flood,Riverine flood,,IND,India,"Lakhimpur, Jorhat districts (Assam province), Uttar Pradesh, Bihar provinces","[{""adm1_code"":70073,""adm1_name"":""Bihar""},{""adm1_code"":70081,""adm1_name"":""Uttar Pradesh""},{""adm2_code"":70089,""adm2_name"":""Jorhat""},{""adm2_code"":70091,""adm2_name"":""Lakhimpur""}]",2008,7,20,2008,8,8,142,,225000,,225000,,,283800,Km2,27.5,89.79,2009-01-12,2025-12-20
2009-0429-IND,No,Natural,Hydrological,Flood,Riverine flood,,IND,India,"Belgaum, Gulbarga, Bijapur, Raichur, Dharwad, Bagalkot, Bellary, Koppal, Haveri, Bidar, Gadag, Davanegere, Uttar Kannand, Dakshin Kannad districts (Karnataka province), Kurnool, Mahbubnagar, Karimnagar, Anantapur, Krishna, Cuddapah, Guntur, Khammam, Nalgonda districts (Andhra Pradesh province), Maharashtra province","[{""adm1_code"":1498,""adm1_name"":""Maharashtra""},{""adm2_code"":17548,""adm2_name"":""Anantapur""},{""adm2_code"":17550,""adm2_name"":""Cuddapah""},{""adm2_code"":17552,""adm2_name"":""Guntur""},{""adm2_code"":17554,""adm2_name"":""Karimnagar""},{""adm2_code"":17555,""adm2_name"":""Khammam""},{""adm2_code"":17556,""adm2_name"":""Krishna""},{""adm2_code"":17557,""adm2_name"":""Kurnool""},{""adm2_code"":17558,""adm2_name"":""Mahbubnagar""},{""adm2_code"":17560,""adm2_name"":""Nalgonda""},{""adm2_code"":17679,""adm2_name"":""Belgaum""},{""adm2_code"":17680,""adm2_name"":""Bellary""},{""adm2_code"":17681,""adm2_name"":""Bidar""},{""adm2_code"":17682,""adm2_name"":""Bijapur""},{""adm2_code"":17685,""adm2_name"":""Dakshin Kannad""},{""adm2_code"":17686,""adm2_name"":""Dharwad""},{""adm2_code"":17687,""adm2_name"":""Gulbarga""},{""adm2_code"":17693,""adm2_name"":""Raichur""},{""adm2_code"":17696,""adm2_name"":""Uttar Kannand""},{""adm2_code"":70157,""adm2_name"":""Bagalkot""},{""adm2_code"":70162,""adm2_name"":""Davanagere""},{""adm2_code"":70163,""adm2_name"":""Gadag""},{""adm2_code"":70164,""adm2_name"":""Haveri""},{""adm2_code"":70165,""adm2_name"":""Koppal""}]",2009,9,25,2009,10,12,355,,4100000,,4100000,2150000,3226378,309700,Km2,15.71,78.23,2014-05-12,2025-12-20
2009-0641-IND,No,Natural,Meteorological,Storm,Severe weather,,IND,India,Uttar Pradesh province,"[{""adm1_code"":70081,""adm1_name"":""Uttar Pradesh""}]",2009,6,7,2009,6,7,20,,,,,,,,Kph,,,2010-03-08,2025-12-20
2009-9323-IND,No,Natural,Climatological,Drought,Drought,,IND,India,"Bongaigaon, Cachar, Dhuburi, Goalpara, Golaghat, Hailakandi, Jorhat, Kamrup, Karbi Anglong, Kokrajhar, Lakhimpur, Marigaon, Nagaon, Sibsagar, Barpeta, Darrang, Dhemaji, Dibrugarh, Karimganj, Nalbari, North Cachar Hills, Sonitpur, Tinsukia districts (Assam province), Bilaspur, Chamba, Hamirpur, Kangra, Kinnaur, Kullu, Lahaul and Spiti, Mandi, Shimla, Sirmaur, Solan, Una districts (Himachal Pradesh province), Chatra, Garhwa, Latehar, Palamu, Dumka, Deoghar, Giridih, Godda, Jamtara, Pakur, Sahibganj, Bokaro, Dhanbad, Purba Singhbhum, Gumla, Hazaribag, Koderma, Lohardaga, Ranchi, Simdega, Saraikela Kharsawan, Pashchim Singhbhum districts (Jharkhand province), Bishnupur, Chandel, Churachandpur, East Imphal, West Imphal, Senapati, Tamenglong, Thoubal, Ukhrul districts (Manipur province), Dimapur, Kohima, Phek, Mokokchung, Mon, Tuensang, Wokha, Zunheboto districts (Nagaland province), Ambedkar Nagar, Ballia, Bareilly, Basti, Deoria, Farrukkhabad, Fatehpur, Ghazipur, Hardoi, Hathras, Jaunpur, Kannauj, Kanpur Dehat, Mainpuri, Mau, Rae Bareli, Sultanpur, Sant Kabir Nagar, Unnao, Agra, Shahjahanpur, Faizabad, Meerut, Mahoba, Aligarh, Jyotiba Phule Nagar, Balrampur, Etah, Rampur, Ghaziabad, Gautam Buddha Nagar, Banda, Mathura, Allahabad, Auraiya, Jalaun, Varanasi, Chandauli, Moradabad, Azamgarh, Siddharth Nagar, Badaun, Sitapur, Firozabad, Saharanpur, Chitrakoot, Etawah, Bulandshahr, Kaushambi, Pilibhit, Muzaffarnagar, Kushinagar, Jhansi, Lucknow, Bijnor, Mirzapur districts (Uttar Pradesh province), Patna, Nalanda, Gaya, Buxar, Bhojpur, Rohtas, Bhabua, Siwan, Nawada, Munger, Aurangabad, Sheikhpura, Lakhisarai, Jamui, Bhagalpur, Banka, Saran, Jehanabad, Muzaffarpur, Sitamarhi, Begusarai, Madhepura, Kishanganj, Katihar, Vaishali districts (Bihar province), Bangalore Urban, Bangalore Rural, Kolar, Tumkur, Chitradurga, Davanagere, Chamrajnagar, Mysore, Mandya, Bellary, Koppal, Raichur, Gulbarga, Bidar, Belgaum, Bagalkot, Bijapur, Gadag districts (Karnataka province), Nanded, Latur, Aurangabad, Jalna, Bid, Parbhani, Osmanabad, Hingoli, Chandrapur, Yavatmal, Wardha, Thane, Raigarh, Nandurbar, Jalgaon, Amravati, Buldana, Washim, Garhchiroli, Pune, Satara, Sangli, Solapur, Kolhapur, Nashik, Dhule, Ahmednagar, Akola districts (Maharasthra province), Rewa, Satna, Sidhi, Shahdol, Anuppur, Umaria, Dindori, Jabalpur, Katni, Balaghat, Narsinghpur, Mandla, Sagar, Panna, Tikamgarh, Chhatarpur, Raisen, Vidisha, Damoh, Sehore, Gwalior, Guna, Ashoknagar, Shivpuri, Datia, Bhind, Morena, Sheopur, Shajapur, Dewas, Ratlam, East Nimar, Burhanpur, Barwani, Jhabua districts (Madhya Pradesh province), Ajmer, Alwar, Banswara, Barmer, Bhilwara, Bikaner, Bundi, Chittaurgarh, Churu, Dausa, Dungarpur, Ganganagar, Hanumangarh, Jaipur, Jaisalmer, Jalor, Jhunjhunu, Jodhpur, Nagaur, Pali, Rajsamand, Sawai Madhopur, Sikar, Sirohi, Tonk, Udaipur districts (Rajasthan province)","[{""adm2_code"":17576,""adm2_name"":""Barpeta""},{""adm2_code"":17577,""adm2_name"":""Cachar""},{""adm2_code"":17578,""adm2_name"":""Darrang""},{""adm2_code"":17579,""adm2_name"":""Dhuburi""},{""adm2_code"":17580,""adm2_name"":""Dibrugarh""},{""adm2_code"":17581,""adm2_name"":""Goalpara""},{""adm2_code"":17582,""adm2_name"":""Golaghat""},{""adm2_code"":17583,""adm2_name"":""Kamrup""},{""adm2_code"":17584,""adm2_name"":""Karbi Anglong""},{""adm2_code"":17585,""adm2_name"":""Karimganj""},{""adm2_code"":17589,""adm2_name"":""Nagaon""},{""adm2_code"":17590,""adm2_name"":""Nalbari""},{""adm2_code"":17591,""adm2_name"":""North Cachar Hills""},{""adm2_code"":17592,""adm2_name"":""Sibsagar""},{""adm2_code"":17593,""adm2_name"":""Sonitpur""},{""adm2_code"":70086,""adm2_name"":""Bongaigaon""},{""adm2_code"":70087,""adm2_name"":""Dhemaji""},{""adm2_code"":70088,""adm2_name"":""Hailakandi""},{""adm2_code"":70089,""adm2_name"":""Jorhat""},{""adm2_code"":70090,""adm2_name"":""Kokrajhar""},{""adm2_code"":70091,""adm2_name"":""Lakhimpur""},{""adm2_code"":70092,""adm2_name"":""Marigaon""},{""adm2_code"":70093,""adm2_name"":""Tinsukia""},{""adm2_code"":17666,""adm2_name"":""Bilaspur""},{""adm2_code"":17667,""adm2_name"":""Chamba""},{""adm2_code"":17668,""adm2_name"":""Hamirpur""},{""adm2_code"":17669,""adm2_name"":""Kangra""},{""adm2_code"":17670,""adm2_name"":""Kinnaur""},{""adm2_code"":17671,""adm2_name"":""Kullu""},{""adm2_code"":17672,""adm2_name"":""Lahul and Spiti""},{""adm2_code"":17673,""adm2_name"":""Mandi""},{""adm2_code"":17674,""adm2_name"":""Shimla""},{""adm2_code"":17675,""adm2_name"":""Sirmaur""},{""adm2_code"":17676,""adm2_name"":""Solan""},{""adm2_code"":17677,""adm2_name"":""Una""},{""adm2_code"":17679,""adm2_name"":""Belgaum""},{""adm2_code"":17680,""adm2_name"":""Bellary""},{""adm2_code"":17681,""adm2_name"":""Bidar""},{""adm2_code"":17682,""adm2_name"":""Bijapur""},{""adm2_code"":17687,""adm2_name"":""Gulbarga""},{""adm2_code"":17690,""adm2_name"":""Kolar""},{""adm2_code"":17691,""adm2_name"":""Mandya""},{""adm2_code"":17692,""adm2_name"":""Mysore""},{""adm2_code"":17693,""adm2_name"":""Raichur""},{""adm2_code"":17695,""adm2_name"":""Tumkur""},{""adm2_code"":70157,""adm2_name"":""Bagalkot""},{""adm2_code"":70158,""adm2_name"":""Bangalore Rural""},{""adm2_code"":70159,""adm2_name"":""Bangalore Urban""},{""adm2_code"":70160,""adm2_name"":""Chamrajnagar""},{""adm2_code"":70161,""adm2_name"":""Chitradurga""},{""adm2_code"":70162,""adm2_name"":""Davanagere""},{""adm2_code"":70163,""adm2_name"":""Gadag""},{""adm2_code"":70165,""adm2_name"":""Koppal""},{""adm2_code"":17758,""adm2_name"":""Akola""},{""adm2_code"":17759,""adm2_name"":""Amravati""},{""adm2_code"":17762,""adm2_name"":""Buldana""},{""adm2_code"":17763,""adm2_name"":""Chandrapur""},{""adm2_code"":17764,""adm2_name"":""Dhule""},{""adm2_code"":17765,""adm2_name"":""Garhchiroli""},{""adm2_code"":17767,""adm2_name"":""Jalgaon""},{""adm2_code"":17769,""adm2_name"":""Kolhapur""},{""adm2_code"":17770,""adm2_name"":""Latur""},{""adm2_code"":17772,""adm2_name"":""Nanded""},{""adm2_code"":17773,""adm2_name"":""Nashik""},{""adm2_code"":17774,""adm2_name"":""Osmanabad""},{""adm2_code"":17776,""adm2_name"":""Pune""},{""adm2_code"":17777,""adm2_name"":""Raigarh""},{""adm2_code"":17780,""adm2_name"":""Sangli""},{""adm2_code"":17781,""adm2_name"":""Satara""},{""adm2_code"":17782,""adm2_name"":""Solapur""},{""adm2_code"":17783,""adm2_name"":""Thane""},{""adm2_code"":17784,""adm2_name"":""Wardha""},{""adm2_code"":17785,""adm2_name"":""Yavatmal""},{""adm2_code"":17786,""adm2_name"":""Aurangabad""},{""adm2_code"":70178,""adm2_name"":""Ahmednagar""},{""adm2_code"":70179,""adm2_name"":""Bid""},{""adm2_code"":70181,""adm2_name"":""Hingoli""},{""adm2_code"":70182,""adm2_name"":""Jalna""},{""adm2_code"":70185,""adm2_name"":""Nandurbar""},{""adm2_code"":70186,""adm2_name"":""Parbhani""},{""adm2_code"":70187,""adm2_name"":""Washim""},{""adm2_code"":70188,""adm2_name"":""Bishnupur""},{""adm2_code"":70189,""adm2_name"":""Chandel""},{""adm2_code"":70190,""adm2_name"":""Churachandpur""},{""adm2_code"":70191,""adm2_name"":""East Imphal""},{""adm2_code"":70192,""adm2_name"":""Senapati""},{""adm2_code"":70193,""adm2_name"":""Tamenglong""},{""adm2_code"":70194,""adm2_name"":""Thoubal""},{""adm2_code"":70195,""adm2_name"":""Ukhrul""},{""adm2_code"":70196,""adm2_name"":""West Imphal""},{""adm2_code"":17801,""adm2_name"":""Kohima""},{""adm2_code"":17802,""adm2_name"":""Mokokchung""},{""adm2_code"":17803,""adm2_name"":""Mon""},{""adm2_code"":17804,""adm2_name"":""Phek""},{""adm2_code"":17805,""adm2_name"":""Tuensang""},{""adm2_code"":17806,""adm2_name"":""Wokha""},{""adm2_code"":17807,""adm2_name"":""Zunheboto""},{""adm2_code"":70205,""adm2_name"":""Dimapur""},{""adm2_code"":17834,""adm2_name"":""Ajmer""},{""adm2_code"":17835,""adm2_name"":""Alwar""},{""adm2_code"":17836,""adm2_name"":""Banswara""},{""adm2_code"":17837,""adm2_name"":""Barmer""},{""adm2_code"":17839,""adm2_name"":""Bhilwara""},{""adm2_code"":17840,""adm2_name"":""Bikaner""},{""adm2_code"":17841,""adm2_name"":""Bundi""},{""adm2_code"":17842,""adm2_name"":""Chittaurgarh""},{""adm2_code"":17843,""adm2_name"":""Churu""},{""adm2_code"":17845,""adm2_name"":""Dungarpur""},{""adm2_code"":17846,""adm2_name"":""Ganganagar""},{""adm2_code"":17847,""adm2_name"":""Jaipur""},{""adm2_code"":17848,""adm2_name"":""Jaisalmer""},{""adm2_code"":17849,""adm2_name"":""Jalor""},{""adm2_code"":17851,""adm2_name"":""Jhunjhunun""},{""adm2_code"":17852,""adm2_name"":""Jodhpur""},{""adm2_code"":17854,""adm2_name"":""Nagaur""},{""adm2_code"":17855,""adm2_name"":""Pali""},{""adm2_code"":17856,""adm2_name"":""Sawai Madhopur""},{""adm2_code"":17857,""adm2_name"":""Sikar""},{""adm2_code"":17858,""adm2_name"":""Sirohi""},{""adm2_code"":17859,""adm2_name"":""Tonk""},{""adm2_code"":17860,""adm2_name"":""Udaipur""},{""adm2_code"":70237,""adm2_name"":""Dausa""},{""adm2_code"":70238,""adm2_name"":""Hanumangarh""},{""adm2_code"":70240,""adm2_name"":""Rajsamand""},{""adm2_code"":17594,""adm2_name"":""Aurangabad""},{""adm2_code"":17595,""adm2_name"":""Begusarai""},{""adm2_code"":17596,""adm2_name"":""Bhagalpur""},{""adm2_code"":17601,""adm2_name"":""Gaya""},{""adm2_code"":17607,""adm2_name"":""Jehanabad""},{""adm2_code"":17608,""adm2_name"":""Katihar""},{""adm2_code"":17612,""adm2_name"":""Madhepura""},{""adm2_code"":17613,""adm2_name"":""Muzaffarpur""},{""adm2_code"":17614,""adm2_name"":""Munger""},{""adm2_code"":17615,""adm2_name"":""Nalanda""},{""adm2_code"":17616,""adm2_name"":""Nawada""},{""adm2_code"":17619,""adm2_name"":""Patna""},{""adm2_code"":17623,""adm2_name"":""Rohtas""},{""adm2_code"":17628,""adm2_name"":""Saran""},{""adm2_code"":17630,""adm2_name"":""Sitamarhi""},{""adm2_code"":17631,""adm2_name"":""Siwan""},{""adm2_code"":17632,""adm2_name"":""Vaishali""},{""adm2_code"":70095,""adm2_name"":""Banka""},{""adm2_code"":70096,""adm2_name"":""Bhabua""},{""adm2_code"":70097,""adm2_name"":""Bhojpur""},{""adm2_code"":70098,""adm2_name"":""Buxar""},{""adm2_code"":70099,""adm2_name"":""Jamui""},{""adm2_code"":70100,""adm2_name"":""Kishanganj""},{""adm2_code"":70101,""adm2_name"":""Lakhisarai""},{""adm2_code"":70102,""adm2_name"":""Sheikhpura""},{""adm2_code"":17600,""adm2_name"":""Deoghar""},{""adm2_code"":17603,""adm2_name"":""Godda""},{""adm2_code"":17610,""adm2_name"":""Lohardaga""},{""adm2_code"":17622,""adm2_name"":""Ranchi""},{""adm2_code"":70139,""adm2_name"":""Bokaro""},{""adm2_code"":70140,""adm2_name"":""Chatra""},{""adm2_code"":70141,""adm2_name"":""Dhanbad""},{""adm2_code"":70142,""adm2_name"":""Dumka""},{""adm2_code"":70143,""adm2_name"":""Garhwa""},{""adm2_code"":70144,""adm2_name"":""Giridih""},{""adm2_code"":70145,""adm2_name"":""Gumla""},{""adm2_code"":70146,""adm2_name"":""Hazaribag""},{""adm2_code"":70147,""adm2_name"":""Jamtara""},{""adm2_code"":70148,""adm2_name"":""Koderma""},{""adm2_code"":70149,""adm2_name"":""Latehar""},{""adm2_code"":70150,""adm2_name"":""Pakur""},{""adm2_code"":70151,""adm2_name"":""Palamu""},{""adm2_code"":70152,""adm2_name"":""Pashchim Singhbhum""},{""adm2_code"":70153,""adm2_name"":""Purba Singhbhum""},{""adm2_code"":70154,""adm2_name"":""Sahibganj""},{""adm2_code"":70155,""adm2_name"":""Saraikela Kharsawan""},{""adm2_code"":70156,""adm2_name"":""Simdega""},{""adm2_code"":17712,""adm2_name"":""Balaghat""},{""adm2_code"":17715,""adm2_name"":""Bhind""},{""adm2_code"":17718,""adm2_name"":""Chhatarpur""},{""adm2_code"":17720,""adm2_name"":""Damoh""},{""adm2_code"":17721,""adm2_name"":""Datia""},{""adm2_code"":17722,""adm2_name"":""Dewas""},{""adm2_code"":17725,""adm2_name"":""East Nimar""},{""adm2_code"":17726,""adm2_name"":""Guna""},{""adm2_code"":17727,""adm2_name"":""Gwalior""},{""adm2_code"":17730,""adm2_name"":""Jabalpur""},{""adm2_code"":17731,""adm2_name"":""Jhabua""},{""adm2_code"":17732,""adm2_name"":""Mandla""},{""adm2_code"":17734,""adm2_name"":""Morena""},{""adm2_code"":17735,""adm2_name"":""Narsinghpur""},{""adm2_code"":17736,""adm2_name"":""Panna""},{""adm2_code"":17739,""adm2_name"":""Raisen""},{""adm2_code"":17742,""adm2_name"":""Ratlam""},{""adm2_code"":17743,""adm2_name"":""Rewa""},{""adm2_code"":17744,""adm2_name"":""Sagar""},{""adm2_code"":17745,""adm2_name"":""Satna""},{""adm2_code"":17746,""adm2_name"":""Sehore""},{""adm2_code"":17748,""adm2_name"":""Shahdol""},{""adm2_code"":17749,""adm2_name"":""Shajapur""},{""adm2_code"":17750,""adm2_name"":""Shivpuri""},{""adm2_code"":17751,""adm2_name"":""Sidhi""},{""adm2_code"":17753,""adm2_name"":""Tikamgarh""},{""adm2_code"":17755,""adm2_name"":""Vidisha""},{""adm2_code"":70168,""adm2_name"":""Anuppur""},{""adm2_code"":70169,""adm2_name"":""Ashoknagar""},{""adm2_code"":70170,""adm2_name"":""Barwani""},{""adm2_code"":70171,""adm2_name"":""Burhanpur""},{""adm2_code"":70172,""adm2_name"":""Dindori""},{""adm2_code"":70174,""adm2_name"":""Katni""},{""adm2_code"":70176,""adm2_name"":""Sheopur""},{""adm2_code"":70177,""adm2_name"":""Umaria""},{""adm2_code"":17888,""adm2_name"":""Agra""},{""adm2_code"":17889,""adm2_name"":""Aligarh""},{""adm2_code"":17890,""adm2_name"":""Allahabad""},{""adm2_code"":17892,""adm2_name"":""Azamgarh""},{""adm2_code"":17894,""adm2_name"":""Ballia""},{""adm2_code"":17895,""adm2_name"":""Banda""},{""adm2_code"":17897,""adm2_name"":""Bareilly""},{""adm2_code"":17898,""adm2_name"":""Basti""},{""adm2_code"":17899,""adm2_name"":""Bijnor""},{""adm2_code"":17901,""adm2_name"":""Bulandshahr""},{""adm2_code"":17904,""adm2_name"":""Deoria""},{""adm2_code"":17905,""adm2_name"":""Etah""},{""adm2_code"":17906,""adm2_name"":""Etawah""},{""adm2_code"":17907,""adm2_name"":""Faizabad""},{""adm2_code"":17908,""adm2_name"":""Farrukhabad""},{""adm2_code"":17909,""adm2_name"":""Fatehpur""},{""adm2_code"":17911,""adm2_name"":""Ghaziabad""},{""adm2_code"":17912,""adm2_name"":""Ghazipur""},{""adm2_code"":17916,""adm2_name"":""Hardoi""},{""adm2_code"":17917,""adm2_name"":""Jalaun""},{""adm2_code"":17918,""adm2_name"":""Jaunpur""},{""adm2_code"":17919,""adm2_name"":""Jhansi""},{""adm2_code"":17923,""adm2_name"":""Lucknow""},{""adm2_code"":17924,""adm2_name"":""Mainpuri""},{""adm2_code"":17925,""adm2_name"":""Mathura""},{""adm2_code"":17926,""adm2_name"":""Meerut""},{""adm2_code"":17927,""adm2_name"":""Mirzapur""},{""adm2_code"":17928,""adm2_name"":""Moradabad""},{""adm2_code"":17929,""adm2_name"":""Muzaffarnagar""},{""adm2_code"":17931,""adm2_name"":""Pilibhit""},{""adm2_code"":17934,""adm2_name"":""Rae Bareli""},{""adm2_code"":17935,""adm2_name"":""Rampur""},{""adm2_code"":17936,""adm2_name"":""Saharanpur""},{""adm2_code"":17937,""adm2_name"":""Shahjahanpur""},{""adm2_code"":17938,""adm2_name"":""Sitapur""},{""adm2_code"":17939,""adm2_name"":""Sultanpur""},{""adm2_code"":17941,""adm2_name"":""Unnao""},{""adm2_code"":17943,""adm2_name"":""Varanasi""},{""adm2_code"":70257,""adm2_name"":""Ambedkar Nagar""},{""adm2_code"":70258,""adm2_name"":""Auraiya""},{""adm2_code"":70259,""adm2_name"":""Badaun""},{""adm2_code"":70261,""adm2_name"":""Balrampur""},{""adm2_code"":70262,""adm2_name"":""Chandauli""},{""adm2_code"":70263,""adm2_name"":""Chitrakoot""},{""adm2_code"":70264,""adm2_name"":""Firozabad""},{""adm2_code"":70265,""adm2_name"":""Gautam Buddha Nagar""},{""adm2_code"":70266,""adm2_name"":""Hathras""},{""adm2_code"":70267,""adm2_name"":""Jyotiba Phule Nagar""},{""adm2_code"":70268,""adm2_name"":""Kannauj""},{""adm2_code"":70269,""adm2_name"":""Kanpur Dehat""},{""adm2_code"":70270,""adm2_name"":""Kaushambi""},{""adm2_code"":70271,""adm2_name"":""Kushinagar""},{""adm2_code"":70273,""adm2_name"":""Mahoba""},{""adm2_code"":70274,""adm2_name"":""Mau""},{""adm2_code"":70275,""adm2_name"":""Sant Kabir Nagar""},{""adm2_code"":70278,""adm2_name"":""Siddharth Nagar""}]",2009,7,,2009,8,,,,,,,,,,Km2,,,2009-12-08,2025-12-20
2010-0198-IND,No,Natural,Meteorological,Storm,Tropical cyclone,"Cyclone ""Laila""",IND,India,"Krishna, Prakasam, Nellore, Guntur districts (Andhra Pradesh province), Tamil Nadu province","[{""adm1_code"":1508,""adm1_name"":""Tamil Nadu""},{""adm2_code"":17552,""adm2_name"":""Guntur""},{""adm2_code"":17556,""adm2_name"":""Krishna""},{""adm2_code"":17561,""adm2_name"":""Nellore""},{""adm2_code"":17563,""adm2_name"":""Prakasam""}]",2010,5,20,2010,5,20,32,,,,,,,110,Kph,,,2010-05-27,2025-12-20
2011-0566-IND,No,Natural,Meteorological,Storm,Tropical cyclone,Cyclone Thane,IND,India,"Cuddalore district (Tamil Nadu province), Puducherry district (Puducherry province)","[{""adm2_code"":70243,""adm2_name"":""Cuddalore""},{""adm2_code"":70228,""adm2_name"":""Puducherry""}]",2011,12,29,2011,12,30,47,,,250000,250000,375625,537611,140,Kph,,,2012-04-04,2025-12-20
2011-0643-IND,No,Natural,Meteorological,Extreme temperature,Cold wave,,IND,India,"Uttar Pradesh, Punjab, Haryana provinces","[{""adm1_code"":1492,""adm1_name"":""Haryana""},{""adm1_code"":1505,""adm1_name"":""Punjab""},{""adm1_code"":70081,""adm1_name"":""Uttar Pradesh""}]",2011,12,16,2011,12,31,132,,,,,,,0,°C,,,2012-04-05,2025-12-20
2012-0382-IND,No,Natural,Hydrological,Flood,Riverine flood,,IND,India,"Barpeta, Bongaigaon, Darrang, Dhemaji, Dhuburi, Dibrugarh, Goalpara, Golaghat, Jorhat, Kamrup, Lakhimpur, Marigaon, Nagaon, Nalbari, Papum Pare, Sibsagar, Sonitpur, Tinsukia districts (Assam province), Bhagalpur, Darbhanga, Katihar, Khagaria, Muzaffarpur, Patna, Siwan, Supaul districts (Bihar province), Sahibganj district (Jharkhand province), North Sikkim district (Sikkim province), Ballia, Bara Banki, Faizabad districts (Uttar Pradesh province), Murshidabad district (West Bengal province), West Siang, East Siang, Lohit, Papum Pare districts (Arunachal Pradesh province)","[{""adm2_code"":17576,""adm2_name"":""Barpeta""},{""adm2_code"":17578,""adm2_name"":""Darrang""},{""adm2_code"":17579,""adm2_name"":""Dhuburi""},{""adm2_code"":17580,""adm2_name"":""Dibrugarh""},{""adm2_code"":17581,""adm2_name"":""Goalpara""},{""adm2_code"":17582,""adm2_name"":""Golaghat""},{""adm2_code"":17583,""adm2_name"":""Kamrup""},{""adm2_code"":17589,""adm2_name"":""Nagaon""},{""adm2_code"":17590,""adm2_name"":""Nalbari""},{""adm2_code"":17592,""adm2_name"":""Sibsagar""},{""adm2_code"":17593,""adm2_name"":""Sonitpur""},{""adm2_code"":70086,""adm2_name"":""Bongaigaon""},{""adm2_code"":70087,""adm2_name"":""Dhemaji""},{""adm2_code"":70089,""adm2_name"":""Jorhat""},{""adm2_code"":70091,""adm2_name"":""Lakhimpur""},{""adm2_code"":70092,""adm2_name"":""Marigaon""},{""adm2_code"":70093,""adm2_name"":""Tinsukia""},{""adm2_code"":17862,""adm2_name"":""North Sikkim""},{""adm2_code"":17955,""adm2_name"":""Murshidabad""},{""adm2_code"":17571,""adm2_name"":""East Siang""},{""adm2_code"":17572,""adm2_name"":""Lohit""},{""adm2_code"":17575,""adm2_name"":""West Siang""},{""adm2_code"":70085,""adm2_name"":""Papum Pare""},{""adm2_code"":17596,""adm2_name"":""Bhagalpur""},{""adm2_code"":17598,""adm2_name"":""Darbhanga""},{""adm2_code"":17608,""adm2_name"":""Katihar""},{""adm2_code"":17609,""adm2_name"":""Khagaria""},{""adm2_code"":17613,""adm2_name"":""Muzaffarpur""},{""adm2_code"":17619,""adm2_name"":""Patna""},{""adm2_code"":17631,""adm2_name"":""Siwan""},{""adm2_code"":70104,""adm2_name"":""Supaul""},{""adm2_code"":70154,""adm2_name"":""Sahibganj""},{""adm2_code"":17894,""adm2_name"":""Ballia""},{""adm2_code"":17896,""adm2_name"":""Bara Banki""},{""adm2_code"":17907,""adm2_name"":""Faizabad""}]",2012,9,19,2012,9,23,21,,2000000,,2000000,98000,137418,42597,Km2,26.8,93.63,2013-02-06,2025-12-20
2012-0425-IND,No,Natural,Meteorological,Storm,Tropical cyclone,Cyclone Nilam,IND,India,"Andhra Pradesh, Tamil Nadu provinces","[{""adm1_code"":1485,""adm1_name"":""Andhra Pradesh""},{""adm1_code"":1508,""adm1_name"":""Tamil Nadu""}]",2012,11,4,2012,11,8,40,,70000,,70000,,,,Kph,11.82,78.08,2013-02-06,2025-12-20
2012-0538-IND,No,Natural,Meteorological,Extreme temperature,Cold wave,,IND,India,"Bihar, Haryana, Himachal Pradesh, Jammu and Kashmir, Punjab, Rajasthan, Uttar Pradesh provinces","[{""adm1_code"":1492,""adm1_name"":""Haryana""},{""adm1_code"":1493,""adm1_name"":""Himachal Pradesh""},{""adm1_code"":1505,""adm1_name"":""Punjab""},{""adm1_code"":1506,""adm1_name"":""Rajasthan""},{""adm1_code"":40408,""adm1_name"":""Administrative unit not available""},{""adm1_code"":40409,""adm1_name"":""Administrative unit not available""},{""adm1_code"":40422,""adm1_name"":""Administrative unit not available""},{""adm1_code"":40423,""adm1_name"":""Administrative unit not available""},{""adm1_code"":40424,""adm1_name"":""Administrative unit not available""},{""adm1_code"":40425,""adm1_name"":""Administrative unit not available""},{""adm1_code"":40426,""adm1_name"":""Administrative unit not available""},{""adm1_code"":40427,""adm1_name"":""Administrative unit not available""},{""adm1_code"":40428,""adm1_name"":""Administrative unit not available""},{""adm1_code"":40429,""adm1_name"":""Administrative unit not available""},{""adm1_code"":40430,""adm1_name"":""Administrative unit not available""},{""adm1_code"":40431,""adm1_name"":""Administrative unit not available""},{""adm1_code"":70073,""adm1_name"":""Bihar""},{""adm1_code"":70081,""adm1_name"":""Uttar Pradesh""}]",2012,12,22,2013,1,20,249,,,,,,,,°C,,,2013-11-27,2025-12-20
2012-0584-IND,No,Natural,Hydrological,Flood,Riverine flood,,IND,India,Himachel Pradesh province,"[{""adm1_code"":1493,""adm1_name"":""Himachal Pradesh""}]",2012,8,21,2012,8,23,26,,9460,,9460,16000,22436,,Km2,,,2013-02-06,2025-12-20
2013-0208-IND,No,Natural,Meteorological,Extreme temperature,Heat wave,,IND,India,"Adilabad, East Godavari, Guntur, Karimnagar, Khammam, Krishna, Nalgonda, Nizamabad, Prakasam, Vishakhapatnam, Warangal, West Godavari districts (Andhra Pradesh province)","[{""adm2_code"":17547,""adm2_name"":""Adilabad""},{""adm2_code"":17551,""adm2_name"":""East Godavari""},{""adm2_code"":17552,""adm2_name"":""Guntur""},{""adm2_code"":17554,""adm2_name"":""Karimnagar""},{""adm2_code"":17555,""adm2_name"":""Khammam""},{""adm2_code"":17556,""adm2_name"":""Krishna""},{""adm2_code"":17560,""adm2_name"":""Nalgonda""},{""adm2_code"":17562,""adm2_name"":""Nizamabad""},{""adm2_code"":17563,""adm2_name"":""Prakasam""},{""adm2_code"":17566,""adm2_name"":""Vishakhapatnam""},{""adm2_code"":17568,""adm2_name"":""Warangal""},{""adm2_code"":17569,""adm2_name"":""West Godavari""}]",2013,4,1,2013,5,30,557,,,,,,,46,°C,,,2014-04-02,2025-12-20
2013-0400-IND,No,Natural,Hydrological,Flood,Riverine flood,,IND,India,"Orissa, Andhra Pradesh, West Bengal provinces","[{""adm1_code"":1485,""adm1_name"":""Andhra Pradesh""},{""adm1_code"":1504,""adm1_name"":""Orissa""},{""adm1_code"":1511,""adm1_name"":""West Bengal""}]",2013,10,21,2013,10,26,72,,375000,,375000,260000,359316,,Km2,,,2013-11-13,2025-12-20
2013-0401-IND,No,Natural,Meteorological,Storm,Tropical cyclone,Cyclone Phailin,IND,India,"Orissa, Andhra Pradesh, Jharkhand, Bihar, West Bengal, Chhattisgarh provinces","[{""adm1_code"":1485,""adm1_name"":""Andhra Pradesh""},{""adm1_code"":1504,""adm1_name"":""Orissa""},{""adm1_code"":1511,""adm1_name"":""West Bengal""},{""adm1_code"":70073,""adm1_name"":""Bihar""},{""adm1_code"":70075,""adm1_name"":""Chhattisgarh""},{""adm1_code"":70078,""adm1_name"":""Jharkhand""}]",2013,10,12,2013,10,14,47,,13230000,,13230000,633471,875447,200,Kph,,,2014-07-29,2025-12-20
2014-0182-IND,No,Natural,Meteorological,Storm,Lightning/Thunderstorms,,IND,India,"Ghaziabad district (Utar Pradesh province), Delhi, West Bengal provinces","[{""adm1_code"":1489,""adm1_name"":""Delhi""},{""adm1_code"":1511,""adm1_name"":""West Bengal""},{""adm2_code"":17911,""adm2_name"":""Ghaziabad""}]",2014,5,30,2014,5,31,15,26,,,26,,,,Kph,,,2014-06-11,2025-12-20
2015-0604-IND,No,Natural,Meteorological,Storm,Lightning/Thunderstorms,,IND,India,Maharashtra province,"[{""adm1_code"":1498,""adm1_name"":""Maharashtra""}]",2015,10,3,2015,10,4,29,,,,,,,,Kph,,,2016-04-07,2025-12-20
2016-0049-IND,No,Natural,Hydrological,Mass movement (wet),Avalanche (wet),,IND,India,Jammu and Kashmir (Administrative unit not available) (Siachen glacier),"[{""adm1_code"":40409,""adm1_name"":""Administrative unit not available""}]",2016,2,3,2016,2,3,10,,,,,,,,,,,2016-02-23,2025-12-20
2016-0133-IND,No,Natural,Meteorological,Extreme temperature,Heat wave,,IND,India,"Andhra Pradesh, Rajasthan, Orissa, Bihar, Jharkhand, Tamil Nadu, Uttar Pradesh provinces","[{""adm1_code"":1485,""adm1_name"":""Andhra Pradesh""},{""adm1_code"":1504,""adm1_name"":""Orissa""},{""adm1_code"":1506,""adm1_name"":""Rajasthan""},{""adm1_code"":1508,""adm1_name"":""Tamil Nadu""},{""adm1_code"":70073,""adm1_name"":""Bihar""},{""adm1_code"":70078,""adm1_name"":""Jharkhand""},{""adm1_code"":70081,""adm1_name"":""Uttar Pradesh""}]",2016,4,1,2016,5,20,300,,,,,,,51,°C,,,2016-05-10,2025-12-20
2016-0139-IND,No,Natural,Hydrological,Flood,Flood (General),,IND,India,"Arunachal Pradesh, Assam, Nagaland provinces","[{""adm1_code"":1487,""adm1_name"":""Assam""},{""adm1_code"":1503,""adm1_name"":""Nagaland""},{""adm1_code"":70072,""adm1_name"":""Arunachal Pradesh""}]",2016,4,22,2016,4,25,18,,100000,,100000,150000,201208,70517.68,Km2,27.464,95.607,2016-05-10,2025-12-20
2016-0234-IND,No,Natural,Meteorological,Storm,Lightning/Thunderstorms,,IND,India,"Muzaffarpur, Patna, Siwan districts (Bihar province)","[{""adm2_code"":17613,""adm2_name"":""Muzaffarpur""},{""adm2_code"":17619,""adm2_name"":""Patna""},{""adm2_code"":17631,""adm2_name"":""Siwan""}]",2016,6,12,2016,6,12,11,,,,,,,,Kph,,,2016-07-13,2025-12-20
2016-0276-IND,No,Natural,Hydrological,Flood,Flood (General),,IND,India,"Bhopal, Hoshangabad, Rewa, Sagar, Shajapur, Jabalpur, Satna, Harda, Panna, Vidisha, Raisen, Mandla, Tikamgarh, Seoni, Damoh, Sehore, Agar-Malwa districts (Madhya Pradesh province)","[{""adm2_code"":17716,""adm2_name"":""Bhopal""},{""adm2_code"":17720,""adm2_name"":""Damoh""},{""adm2_code"":17728,""adm2_name"":""Hoshangabad""},{""adm2_code"":17730,""adm2_name"":""Jabalpur""},{""adm2_code"":17732,""adm2_name"":""Mandla""},{""adm2_code"":17736,""adm2_name"":""Panna""},{""adm2_code"":17739,""adm2_name"":""Raisen""},{""adm2_code"":17743,""adm2_name"":""Rewa""},{""adm2_code"":17744,""adm2_name"":""Sagar""},{""adm2_code"":17745,""adm2_name"":""Satna""},{""adm2_code"":17746,""adm2_name"":""Sehore""},{""adm2_code"":17747,""adm2_name"":""Seoni""},{""adm2_code"":17749,""adm2_name"":""Shajapur""},{""adm2_code"":17753,""adm2_name"":""Tikamgarh""},{""adm2_code"":17755,""adm2_name"":""Vidisha""},{""adm2_code"":70173,""adm2_name"":""Harda""}]",2016,7,9,2016,8,22,184,,100000,,100000,160000,214622,,Km2,,,2016-08-05,2025-12-20
2016-0304-IND,No,Natural,Hydrological,Flood,Flood (General),,IND,India,"Maharashtra (Nashik, Raigad (Mahad), Thane (Bhiwandi), Ratnagiri, Pune, Satara, Kolhapur), Gujarat (Valsad, Chhota Udepur (Vadodara), Navsari and Surat)","[{""adm2_code"":17649,""adm2_name"":""Surat""},{""adm2_code"":17652,""adm2_name"":""Vadodara""},{""adm2_code"":17653,""adm2_name"":""Valsad""},{""adm2_code"":70127,""adm2_name"":""Navsari""},{""adm2_code"":17769,""adm2_name"":""Kolhapur""},{""adm2_code"":17773,""adm2_name"":""Nashik""},{""adm2_code"":17776,""adm2_name"":""Pune""},{""adm2_code"":17777,""adm2_name"":""Raigarh""},{""adm2_code"":17778,""adm2_name"":""Ratnagiri""},{""adm2_code"":17781,""adm2_name"":""Satara""},{""adm2_code"":17783,""adm2_name"":""Thane""}]",2016,8,1,2016,8,3,37,,3000,,3000,,,,Km2,,,2016-08-23,2025-12-20
2022-0798-IND,No,Natural,Meteorological,Storm,Tropical cyclone,Cyclone 'Mandous',IND,India,Tamil Nadu,"[{""adm1_code"":1508,""adm1_name"":""Tamil Nadu""}]",2022,12,9,2022,12,9,,,,,,,,,Kph,,,2022-12-09,2025-12-20
2016-0391-IND,No,Natural,Hydrological,Flood,Flood (General),,IND,India,"Andhra Pradesh province, Telangana","[{""adm1_code"":1485,""adm1_name"":""Andhra Pradesh""}]",2016,9,21,2016,9,29,28,,3000,,3000,589000,790078,137435.4,Km2,17.654,80.34,2016-11-17,2025-12-20
2016-0554-IND,No,Natural,Hydrological,Flood,Flood (General),,IND,India,"Jorhat, Golaghat (Assam State)","[{""adm2_code"":17582,""adm2_name"":""Golaghat""},{""adm2_code"":70089,""adm2_name"":""Jorhat""}]",2016,7,17,2016,7,19,34,,,,,,,,Km2,,,2017-04-26,2025-12-20
2017-0265-IND,No,Natural,Meteorological,Storm,Lightning/Thunderstorms,,IND,India,"Vaishali, Saran, Patna, Gaya, Sasaram (Rohta), Araria, Nalanda districts (Bihar)","[{""adm2_code"":17601,""adm2_name"":""Gaya""},{""adm2_code"":17615,""adm2_name"":""Nalanda""},{""adm2_code"":17619,""adm2_name"":""Patna""},{""adm2_code"":17623,""adm2_name"":""Rohtas""},{""adm2_code"":17628,""adm2_name"":""Saran""},{""adm2_code"":17632,""adm2_name"":""Vaishali""},{""adm2_code"":70094,""adm2_name"":""Araria""}]",2017,7,8,2017,7,11,23,12,,,12,,,,Kph,,,2017-07-18,2025-12-20
2017-0342-IND,No,Natural,Hydrological,Flood,Flood (General),,IND,India,"Araria, Jogbani (Bihar); Uttar Pradesh, West Bengal","[{""adm1_code"":1511,""adm1_name"":""West Bengal""},{""adm1_code"":70081,""adm1_name"":""Uttar Pradesh""},{""adm2_code"":70094,""adm2_name"":""Araria""}]",2017,8,11,2017,8,31,514,,17200000,,17200000,1567000,2058116,,Km2,,,2017-08-18,2025-12-20
2017-0495-IND,No,Natural,Hydrological,Flood,Flash flood,,IND,India,Chenai (Tamil Nadu),"[{""adm2_code"":70242,""adm2_name"":""Chennai""}]",2017,10,30,2017,11,8,21,,4000,,4000,,,50536.26,Km2,10.489,79.004,2017-11-28,2025-12-20
2017-0508-IND,No,Natural,Meteorological,Storm,Tropical cyclone,Cyclone 'Ockhi',IND,India,"Kerala (Thiruvananthapuram, Kozhikode,Ernakulam),Tamil Nadu (Kanyakumari-Munchirai, Thiruvattar,Killiyur, Kurunthancode, Rajakkamangalam-, Tirunelveli, Tuticorin districts), Andhra Pradesh (Chittoor and Nellore), Lakshadweep Islands","[{""adm2_code"":17549,""adm2_name"":""Chittoor""},{""adm2_code"":17561,""adm2_name"":""Nellore""},{""adm2_code"":17699,""adm2_name"":""Ernakulam""},{""adm2_code"":17703,""adm2_name"":""Kozhikode""},{""adm2_code"":17709,""adm2_name"":""Thiruvananthapuram""},{""adm2_code"":70167,""adm2_name"":""Kavaratti""},{""adm2_code"":17866,""adm2_name"":""Thoothukudi""},{""adm2_code"":17870,""adm2_name"":""Kanniyakumari""},{""adm2_code"":17884,""adm2_name"":""Tirunelveli Kattabo""}]",2017,12,2,2017,12,2,884,,60000,,60000,,,130,Kph,,,2017-12-04,2025-12-20
2017-0570-IND,No,Natural,Meteorological,Storm,Lightning/Thunderstorms,,IND,India,Maldah (West Bengal),"[{""adm2_code"":17953,""adm2_name"":""Maldah""}]",2017,3,25,2017,3,25,4,20,,60000,60020,,,,Kph,,,2018-04-12,2025-12-20
2018-0267-IND,No,Natural,Hydrological,Flood,Flood (General),,IND,India,"Uttar Pradesh, Rajasthan","[{""adm1_code"":1506,""adm1_name"":""Rajasthan""},{""adm1_code"":70081,""adm1_name"":""Uttar Pradesh""}]",2018,7,26,2018,7,28,33,45,1500,,1545,,,,Km2,,,2018-08-08,2025-12-20
2018-0345-IND,No,Natural,Hydrological,Flood,Flood (General),,IND,India,"Biswanath, Udalguri, Golaghat, Sivassagar/Charaideo, Barpeta, Lakhimpu, Dhemaji, Darrang (Assam, West Bengal)","[{""adm2_code"":17576,""adm2_name"":""Barpeta""},{""adm2_code"":17578,""adm2_name"":""Darrang""},{""adm2_code"":17582,""adm2_name"":""Golaghat""},{""adm2_code"":17592,""adm2_name"":""Sibsagar""},{""adm2_code"":17593,""adm2_name"":""Sonitpur""},{""adm2_code"":70087,""adm2_name"":""Dhemaji""},{""adm2_code"":70091,""adm2_name"":""Lakhimpur""}]",2018,8,2,2018,8,6,3,,25000,,25000,,,,Km2,,,2018-09-19,2025-12-20
2018-0370-IND,No,Natural,Hydrological,Flood,Flood (General),,IND,India,Uttar Pradesh,"[{""adm1_code"":70081,""adm1_name"":""Uttar Pradesh""}]",2018,9,1,2018,10,6,46,,,3050,3050,,,,Km2,,,2018-10-11,2025-12-20
2019-0217-IND,No,Natural,Meteorological,Extreme temperature,Heat wave,,IND,India,"Patna, Gaya, Bhagalpur cities; Aurangabad, Nawada districts (Bihar)","[{""adm2_code"":17786,""adm2_name"":""Aurangabad""},{""adm2_code"":17596,""adm2_name"":""Bhagalpur""},{""adm2_code"":17601,""adm2_name"":""Gaya""},{""adm2_code"":17616,""adm2_name"":""Nawada""},{""adm2_code"":17619,""adm2_name"":""Patna""}]",2019,6,,2019,6,,90,,,,,,,42.2,°C,,,2019-06-17,2025-12-20
2019-0321-IND,No,Natural,Meteorological,Storm,Lightning/Thunderstorms,,IND,India,"Uttar Pradesh, Maharashtra, and Bihar","[{""adm1_code"":1498,""adm1_name"":""Maharashtra""},{""adm1_code"":70073,""adm1_name"":""Bihar""},{""adm1_code"":70081,""adm1_name"":""Uttar Pradesh""}]",2019,6,6,2019,6,14,50,,,,,,,,Kph,,,2019-07-12,2025-12-20
2021-0252-IND,No,Natural,Meteorological,Storm,Tropical cyclone,Tropical cyclone 'Tauktae',IND,India,"Kerala, Karnataka, Goa, Maharashtra, Gujarat, Rajasthan, Delhi, Haryana, Uttar Pradesh and Uttarakhand","[{""adm1_code"":1489,""adm1_name"":""Delhi""},{""adm1_code"":1490,""adm1_name"":""Goa""},{""adm1_code"":1491,""adm1_name"":""Gujarat""},{""adm1_code"":1492,""adm1_name"":""Haryana""},{""adm1_code"":1494,""adm1_name"":""Karnataka""},{""adm1_code"":1495,""adm1_name"":""Kerala""},{""adm1_code"":1498,""adm1_name"":""Maharashtra""},{""adm1_code"":1506,""adm1_name"":""Rajasthan""},{""adm1_code"":70081,""adm1_name"":""Uttar Pradesh""},{""adm1_code"":70082,""adm1_name"":""Uttarakhand""}]",2021,5,14,2021,5,19,198,153,700000,,700153,1400000,1663360,222,Kph,,,2021-05-17,2025-12-20
2021-0295-IND,No,Natural,Meteorological,Storm,Tropical cyclone,Cyclone 'Yaas',IND,India,"Bengale occidental, Odisha","[{""adm1_code"":1504,""adm1_name"":""Orissa""},{""adm1_code"":1511,""adm1_name"":""West Bengal""}]",2021,5,25,2021,5,29,19,,1625000,,1625000,3000000,3564343,155,Kph,,,2021-06-21,2025-12-20
2021-0435-IND,No,Natural,Hydrological,Flood,Flood (General),,IND,India,"Pune, Raigada, Satara and Ratnagiri (Maharasthra); Goa, Karnataka, Jharkhand, Bengale, Himachal Pradesh, Uttarakand states","[{""adm1_code"":1490,""adm1_name"":""Goa""},{""adm1_code"":1493,""adm1_name"":""Himachal Pradesh""},{""adm1_code"":1494,""adm1_name"":""Karnataka""},{""adm1_code"":1511,""adm1_name"":""West Bengal""},{""adm1_code"":70078,""adm1_name"":""Jharkhand""},{""adm1_code"":70082,""adm1_name"":""Uttarakhand""},{""adm2_code"":17776,""adm2_name"":""Pune""},{""adm2_code"":17777,""adm2_name"":""Raigarh""},{""adm2_code"":17778,""adm2_name"":""Ratnagiri""},{""adm2_code"":17781,""adm2_name"":""Satara""}]",2021,6,1,2021,9,30,1282,,375000,,375000,3100000,3683154,,Km2,,,2021-07-26,2025-12-20
2022-0219-IND,No,Natural,Meteorological,Storm,Severe weather,,IND,India,Assam State,"[{""adm1_code"":1487,""adm1_name"":""Assam""}]",2022,4,1,2022,4,19,20,,95000,,95000,,,,Kph,,,2022-04-19,2025-12-20
2022-0293-IND,No,Natural,Hydrological,Flood,Flood (General),,IND,India,"Itanagar distrci (Arunchal Pradesh); Dima Hasao, Cachar, Udalguri District (Assam); East Khasi Hills, Ri-Bhoi Districts (Meghalaya); Nagaland; Bihar; Himachal Pradesh; Madhya Pradesh; Gujarat; Maharasthra",,2022,5,17,2022,10,31,2035,1260,1300000,,1301260,4200000,4620325,,Km2,,,2022-05-16,2026-02-10
2023-0161-IND,No,Natural,Meteorological,Storm,Severe weather,,IND,India,"Khandwa, Sagar, Satna, Raisen, Narmadapura, Dhar, Ratlam, Ashok Nagar and Damoh (Madhya Pradesh State)",,2023,3,17,2023,3,21,16,14,,,14,,,,Kph,,,2023-03-23,2023-09-26
2023-0459-IND,No,Natural,Hydrological,Mass movement (wet),Landslide (wet),,IND,India,"Irshalwadi Village (Raigad District, western Maharashtra State)","[{""adm2_code"":17777,""adm2_name"":""Raigarh""}]",2023,7,19,2023,7,19,28,,,200,200,,,,,,,2023-07-24,2025-12-20
2023-0846-IND,No,Natural,Hydrological,Flood,Flood (General),,IND,India,"Thoothukudi, Tirunelveli, Kanniyakumari and Tenkasi Districts (Tamil Nadu state)",,2023,12,18,2023,12,20,10,,,,,,,,Km2,,,2023-12-21,2026-01-16
2024-0149-IND,No,Natural,Meteorological,Storm,Severe weather,,IND,India,"Unakoti, Sepahijala, Dhalai, South, West, Khowai and Gomati Districts (Tripura state); Una District (Himachal Pradesh State)",,2024,3,27,2024,3,27,4,7,22810,115,22932,,,,Kph,,,2024-03-27,2024-04-03
2024-0547-IND,No,Natural,Hydrological,Mass movement (wet),Landslide (wet),,IND,India,"Mundakkai, Chooralmala, Attamala, and Noolpuzha villages (Wayanad district, Kerala state)",,2024,7,30,2024,7,30,378,91,,3000,3091,140000,143684,,,,,2024-07-31,2025-02-06
2025-0300-IND,No,Natural,Meteorological,Storm,Severe weather,,IND,India,Tripura state,,2025,4,18,2025,4,24,2,2,2500,,2502,,,,Kph,,,2025-04-28,2025-05-06
2025-0402-IND,No,Natural,Hydrological,Flood,Flood (General),,IND,India,"Assam, Arunachal Pradesh, Mizoram, Manipur, Sikkim, Meghalaya Nagaland, Tripura, Meghalaya states",,2025,5,31,2025,6,1,50,,1441247,,1441247,,,,Km2,,,2025-06-02,2026-02-27
2025-0690-IND,No,Natural,Hydrological,Flood,Flash flood,,IND,India,Kishtwar (Jammu and Kashmir state),,2025,8,14,2025,8,15,98,50,,,50,,,,Km2,,,2025-08-19,2026-02-25
1983-0507-IND,Yes,Natural,Hydrological,Flood,Flood (General),,IND,India,,,1983,9,,1983,9,,400,,,,,,,,Km2,,,2003-07-01,2023-09-25
1982-0087-IND,Yes,Natural,Hydrological,Flood,Flood (General),,IND,India,Northeast,,1982,8,,1982,8,,932,,33500000,,33500000,700000,2335338,,Km2,,,2003-07-01,2023-09-25
1982-0314-IND,Yes,Natural,Hydrological,Flood,Flood (General),,IND,India,North-East region,,1982,6,,1982,6,,,,,,,,,,Km2,,,2003-07-01,2023-09-25
1983-0061-IND,Yes,Natural,Meteorological,Storm,Tropical cyclone,,IND,India,West Bengal,,1983,4,,1983,4,,76,1500,6000,,7500,,,,Kph,,,2003-07-01,2023-09-25
1984-0044-IND,Yes,Natural,Climatological,Wildfire,Forest fire,,IND,India,Jammu region,,1984,5,,1984,5,,,,,,,2000,6198,,Km2,,,2003-07-01,2023-09-25
1984-0110-IND,Yes,Natural,Meteorological,Storm,Tropical cyclone,Tropical cyclone '03B' (Sriharikota cyclone),IND,India,"Tamil Nadu state + Chittoor, Nellore districts (Andhra Pradesh state)",,1984,11,14,1984,11,14,524,,1300000,,1300000,35000,108468,215,Kph,,,2003-07-01,2026-05-06
1984-0323-IND,Yes,Natural,Hydrological,Flood,Flood (General),,IND,India,"W Bengal, Uttar Pradesh & Orissa",,1984,8,,1984,8,,245,,,,,,,,Km2,,,2003-07-01,2023-09-25
1985-0131-IND,Yes,Natural,Hydrological,Flood,Flood (General),,IND,India,Tamil Nadu,,1985,11,12,1985,11,12,130,,500000,400000,900000,,,,Km2,,,2003-07-01,2023-09-25
1985-0380-IND,Yes,Natural,Meteorological,Storm,Storm (General),Orilla,IND,India,,,1985,10,17,1985,10,17,100,,100000,,100000,,,,Kph,,,2003-07-01,2023-09-25
1986-0062-IND,Yes,Natural,Meteorological,Storm,Tropical cyclone,,IND,India,Rajasthan state,,1986,5,16,1986,5,16,11,100,,,100,,,,Kph,,,2003-07-01,2023-09-25
1986-0239-IND,Yes,Natural,Hydrological,Flood,Flood (General),,IND,India,,,1986,10,10,1986,10,10,50,,,,,276100,810964,,Km2,,,2008-04-04,2023-09-25
1986-0256-IND,Yes,Natural,Meteorological,Storm,Blizzard/Winter storm,,IND,India,Cashmire,,1986,11,16,1986,11,16,65,,,,,,,,Kph,,,2003-07-01,2023-09-25
1986-0372-IND,Yes,Natural,Geophysical,Earthquake,Ground movement,,IND,India,Dharmsala,,1986,4,26,1986,4,26,6,30,,,30,5000,14686,5.3,Moment Magnitude,32.128,76.374,2004-03-31,2023-09-25
1986-0386-IND,Yes,Natural,Meteorological,Storm,Storm (General),,IND,India,,,1986,,,1986,,,230,,,,,,,,Kph,,,2003-07-01,2023-09-25
1987-0394-IND,Yes,Natural,Hydrological,Flood,Flood (General),,IND,India,Andhra Pradesh,,1987,7,9,1987,7,9,30,,,,,,,,Km2,,,2003-07-01,2023-09-25
1987-0410-IND,Yes,Natural,Hydrological,Flood,Flood (General),,IND,India,Uttar Pradesh,,1987,9,18,1987,9,18,59,,300000,,300000,,,3000,Km2,,,2003-07-01,2023-09-25
1988-0703-IND,Yes,Natural,Hydrological,Flood,Flood (General),,IND,India,"Uttar Pradesh, Assam, Bihar, West Bengal, Arunachal Pradesh",,1988,8,,1988,8,,850,,5600000,,5600000,,,,Km2,,,2003-07-01,2023-09-25
1989-0365-IND,Yes,Natural,Hydrological,Mass movement (wet),Landslide (wet),,IND,India,,,1989,6,7,1989,6,7,41,,,,,,,,,,,2003-07-01,2023-09-25
1989-0368-IND,Yes,Natural,Geophysical,Mass movement (dry),Landslide (dry),,IND,India,North India,,1989,8,5,1989,8,5,45,,,,,,,,,,,2003-07-01,2023-09-25
1990-0103-IND,Yes,Natural,Hydrological,Flood,Flash flood,,IND,India,"Jammu, Kargil district (Kashmir)",,1990,3,21,1990,3,22,69,,,,,,,,Km2,,,2005-12-21,2023-09-25
1990-0397-IND,Yes,Natural,Meteorological,Storm,Severe weather,,IND,India,Gujarat,,1990,8,25,1990,8,25,120,,,,,2200000,5420815,,Kph,,,2003-07-01,2023-09-25
1990-0580-IND,Yes,Natural,Meteorological,Storm,Tropical cyclone,,IND,India,Ganjam district (Orissa),,1990,11,,1990,11,,250,,1500000,,1500000,112800,277940,,Kph,,,2007-08-08,2023-09-25
1990-0714-IND,Yes,Natural,Hydrological,Flood,Riverine flood,,IND,India,Bombay (Assam state),,1990,6,13,1990,6,18,21,,,,,,,17800,Km2,,,2005-12-21,2023-09-25
1991-0368-IND,Yes,Natural,Geophysical,Earthquake,Ground movement,,IND,India,"Harsil (near Gangotri, Uttarkashi's Bhagirathi valley, Uttar Pradesh)",,1991,10,20,1991,10,20,1500,1383,53000,,54383,60000,141834,6.1,Moment Magnitude,30.78,78.774,2004-03-29,2023-09-25
1991-0431-IND,Yes,Natural,Hydrological,Flood,Riverine flood,,IND,India,Near Thondebhavi (Karnataka),,1991,10,30,1991,10,30,60,,,,,,,,Km2,,,2006-01-08,2023-09-25
1991-0532-IND,Yes,Natural,Hydrological,Flood,Riverine flood,,IND,India,"Haryana, Uttar Pradesh, Himachal Pradesh, Bihar states",,1991,8,15,1991,8,29,88,,,,,,,,Km2,,,2006-01-08,2023-09-25
1927-0011-IND,Yes,Natural,Meteorological,Storm,Tropical cyclone,,IND,India,Nellore,,1927,11,1,1927,11,1,629,,,,,,,,Kph,,,2003-07-01,2023-09-25
1957-0038-IND,Yes,Natural,Hydrological,Flood,Flood (General),,IND,India,,,1957,9,,1957,9,,92,,,,,,,,Km2,,,2003-07-01,2023-09-25
1953-0045-IND,Yes,Natural,Hydrological,Flood,Flood (General),,IND,India,,,1953,6,,1953,6,,80,,,,,,,,Km2,,,2003-07-01,2023-09-25
1954-0043-IND,Yes,Natural,Hydrological,Mass movement (wet),Landslide (wet),,IND,India,,,1954,2,,1954,2,,30,,,,,,,,,,,2003-07-01,2023-09-25
1955-0019-IND,Yes,Natural,Meteorological,Storm,Tropical cyclone,,IND,India,Tanjore,,1955,11,28,1955,11,28,500,,,,,,,,Kph,,,2003-07-01,2023-09-25
1956-0016-IND,Yes,Natural,Hydrological,Flood,Flood (General),,IND,India,"Bihar, Uttar Pradesh",,1956,9,9,1956,9,9,100,,,75000,75000,,,,Km2,,,2003-07-01,2023-09-25
1956-0046-IND,Yes,Natural,Hydrological,Flood,Flood (General),,IND,India,,,1956,10,,1956,10,,50,,,,,,,,Km2,,,2003-07-01,2023-09-25
1957-0010-IND,Yes,Natural,Hydrological,Flood,Flood (General),,IND,India,"Madya Pradesh, Uttar Pradesh",,1957,9,9,1957,9,9,42,,10000,,10000,,,,Km2,,,2003-07-01,2023-09-25
1958-0033-IND,Yes,Natural,Hydrological,Mass movement (wet),Landslide (wet),,IND,India,,,1958,6,,1958,6,,52,,,,,,,,,,,2003-07-01,2023-09-25
1963-0064-IND,Yes,Natural,Meteorological,Storm,Tropical cyclone,,IND,India,,,1963,4,,1963,4,,112,,,,,,,,Kph,,,2003-07-01,2023-09-25
1965-0096-IND,Yes,Natural,Meteorological,Extreme temperature,Heat wave,,IND,India,,,1965,6,,1965,6,,100,,,,,,,,°C,,,2003-07-01,2023-09-25
1966-0046-IND,Yes,Natural,Hydrological,Flood,Flood (General),,IND,India,"Manipur, Assam",,1966,6,,1966,6,,47,,900000,,900000,1400,13886,,Km2,,,2003-07-01,2023-09-25
1968-0055-IND,Yes,Natural,Hydrological,Flood,Flash flood,,IND,India,"(1) Rajasthan, Gujarat - (2) North-East, West Bengal, Assam",,1968,7,,1968,7,,4892,,7500000,,7500000,94200,871884,,Km2,,,2003-07-01,2023-09-25
1969-0071-IND,Yes,Natural,Meteorological,Storm,Tropical cyclone,,IND,India,"Guntur, Krishna, Godavari (Andhra Pradesh)",,1969,5,17,1969,5,17,600,,260000,,260000,8330,73106,,Kph,,,2003-07-01,2023-09-25
1972-0051-IND,Yes,Natural,Meteorological,Storm,Tropical cyclone,,IND,India,"Andhra Pradesh, Orissa",,1972,9,10,1972,9,10,100,,4500000,,4500000,,,,Kph,,,2003-07-01,2023-09-25
1970-0112-IND,Yes,Natural,Geophysical,Earthquake,Ground movement,,IND,India,Broach,,1970,3,23,1970,3,23,26,200,,,200,,,5.4,Moment Magnitude,21.7,73,2004-04-05,2023-09-25
1972-0058-IND,Yes,Natural,Meteorological,Storm,Storm (General),,IND,India,"Srinagar, Kashmir",,1972,10,21,1972,10,21,50,,75,,75,,,,Kph,,,2003-07-01,2023-09-25
1972-0063-IND,Yes,Natural,Meteorological,Storm,Tropical cyclone,,IND,India,Madras City,,1972,12,1,1972,12,1,80,,30000,,30000,,,,Kph,,,2003-07-01,2023-09-25
1975-0052-IND,Yes,Natural,Meteorological,Storm,Storm (General),,IND,India,Bulandshar (Uttar Pradesh),,1975,9,,1975,9,,30,,,,,,,,Kph,,,2003-07-01,2023-09-25
1977-0201-IND,Yes,Natural,Meteorological,Storm,Tropical cyclone,,IND,India,"North of Nellore district, South of Prakasam district (Andhra Pradesh)",,1977,10,27,1977,10,27,2,,10000,,10000,,,,Kph,,,2003-07-01,2023-09-25
1978-0055-IND,Yes,Natural,Meteorological,Storm,Tornado,,IND,India,Orissa,,1978,4,16,1978,4,16,500,400,1000,,1400,,,,Kph,,,2003-07-01,2023-09-25
1978-0056-IND,Yes,Natural,Meteorological,Storm,Tornado,,IND,India,West Bengal,,1978,4,16,1978,4,16,100,,100,,100,,,,Kph,,,2003-07-01,2023-09-25
1978-0130-IND,Yes,Natural,Hydrological,Mass movement (wet),Landslide (wet),,IND,India,Northeastern,,1978,11,5,1978,11,5,64,,,,,,,,,,,2003-07-01,2023-09-25
1979-0093-IND,Yes,Natural,Hydrological,Flood,Flood (General),,IND,India,Assam,,1979,10,,1979,10,,13,,1000000,,1000000,,,,Km2,,,2003-07-01,2023-09-25
1979-0225-IND,Yes,Natural,Hydrological,Flood,Flood (General),,IND,India,"Uttar Pradesh, Bihar, West Bengal",,1979,8,25,1979,8,25,,,26000000,,26000000,,,,Km2,,,2003-07-01,2023-09-25
1980-0057-IND,Yes,Natural,Hydrological,Flood,Flood (General),,IND,India,Assam,,1980,7,,1980,7,,,,50000,,50000,,,,Km2,,,2003-07-01,2023-09-25
1980-0062-IND,Yes,Natural,Hydrological,Flood,Flood (General),,IND,India,Gujarat,,1980,7,,1980,7,,11,,1000,,1000,,,,Km2,,,2003-07-01,2023-09-25
1981-0094-IND,Yes,Natural,Meteorological,Storm,Storm (General),,IND,India,Gujarat,,1981,11,1,1981,11,1,470,,,,,,,,Kph,,,2003-07-01,2023-09-25
1982-0129-IND,Yes,Natural,Meteorological,Extreme temperature,Cold wave,,IND,India,Northern,,1982,12,,1982,12,,400,,,,,,,,°C,,,2003-07-01,2023-09-25
1982-0313-IND,Yes,Natural,Meteorological,Storm,Tropical cyclone,,IND,India,Orissa state,,1982,6,3,1982,6,3,244,493,300000,,300493,120000,400344,220,Kph,,,2008-04-03,2023-09-25
1983-0089-IND,Yes,Natural,Hydrological,Flood,Flood (General),,IND,India,"Upper Assama, Central Sikkim",,1983,7,,1983,7,,197,,250000,,250000,,,,Km2,,,2003-07-01,2023-09-25
1983-0117-IND,Yes,Natural,Hydrological,Mass movement (wet),Landslide (wet),,IND,India,Sikkim,,1983,9,,1983,9,,67,,,,,,,,,,,2003-07-01,2023-09-25
1984-0040-IND,Yes,Natural,Hydrological,Flood,Flood (General),,IND,India,North-East states,,1984,5,,1984,5,,245,,16000000,,16000000,90000,278917,,Km2,,,2003-07-01,2023-09-25
1984-0115-IND,Yes,Natural,Meteorological,Extreme temperature,Cold wave,,IND,India,Northeast,,1984,12,,1984,12,,290,,,,,,,,°C,,,2003-07-01,2023-09-25
1985-0067-IND,Yes,Natural,Hydrological,Flood,Flood (General),,IND,India,Punjab (Western),,1985,6,,1985,6,,133,,,25000,25000,,,117440,Km2,,,2003-07-01,2023-09-25
1985-0068-IND,Yes,Natural,Hydrological,Flood,Flood (General),,IND,India,"Uttar Pradesh, West Bengal, Punjab (North, North-West, East India)",,1985,6,,1985,6,,741,,10200000,25000,10225000,500000,1496481,404,Km2,,,2003-07-01,2023-09-25
1985-0141-IND,Yes,Natural,Meteorological,Extreme temperature,Cold wave,,IND,India,"Bihar, Uttar Pradesh, Jammu and Kashmir, Gujarat",,1985,12,26,1985,12,26,225,,,,,144000,430987,,°C,,,2003-07-01,2023-09-25
1985-0317-IND,Yes,Natural,Hydrological,Flood,Riverine flood,,IND,India,"Uttar Pradesh, Bihar",,1985,9,,1985,9,,557,,152000,,152000,308000,921832,90000,Km2,,,2003-07-01,2023-09-25
1985-0343-IND,Yes,Natural,Hydrological,Flood,Riverine flood,,IND,India,"Kerala, Assam, Bombay, Karnataka, Goa states",,1985,6,23,1985,6,23,95,,25000,,25000,,,254240,Km2,,,2003-07-01,2023-09-25
1986-0085-IND,Yes,Natural,Hydrological,Flood,Riverine flood,,IND,India,Andhra Pradesh,,1986,8,,1986,8,,187,,245000,,245000,100000,293721,2400,Km2,,,2003-07-01,2023-09-25
1986-0116-IND,Yes,Natural,Meteorological,Storm,Tropical cyclone,,IND,India,"Calcutta, Midnapore district (West bengal)",,1986,9,25,1986,9,25,13,,3100000,200000,3300000,272943,801692,,Kph,,,2003-07-01,2023-09-25
1987-0206-IND,Yes,Natural,Meteorological,Storm,Tropical cyclone,,IND,India,"Andhra Pradesh, Tami Nadu",,1987,11,2,1987,11,2,38,,50000,,50000,,,800,Kph,,,2003-07-01,2023-09-25
1987-0280-IND,Yes,Natural,Meteorological,Storm,Tropical cyclone,,IND,India,"Guntur, Prakasam district (Andhra Pradesh)",,1987,11,14,1987,11,14,25,,30000,,30000,,,,Kph,,,2003-07-01,2023-09-25
1987-0360-IND,Yes,Natural,Meteorological,Storm,Storm (General),,IND,India,Bihar,,1987,10,18,1987,10,18,40,,,,,,,,Kph,,,2003-07-01,2023-09-25
1988-0382-IND,Yes,Natural,Geophysical,Earthquake,Ground movement,,IND,India,"Dharbhanga, Madhubani, Saharsa, Munger, Khagana, Bihar Sharie (Bihar State)",,1988,8,21,1988,8,21,382,3766,20000000,,20003766,71500,194649,6.9,Moment Magnitude,26.755,86.616,2003-12-19,2023-09-25
1988-0438-IND,Yes,Natural,Hydrological,Flood,Riverine flood,,IND,India,"Punjab, Himachal Pradesh, Haryana, Jamuu and Kashmir, Delhi",,1988,9,22,1988,10,9,1000,,221000,,221000,18000,49003,,Km2,,,2005-12-15,2023-09-25
1989-0235-IND,Yes,Natural,Meteorological,Extreme temperature,Cold wave,,IND,India,Bihar,,1989,12,,1989,12,,109,,,,,,,,°C,,,2003-07-01,2023-09-25
1989-0260-IND,Yes,Natural,Hydrological,Flood,Riverine flood,,IND,India,"Assam, Arunachal Pradesh, Manipur, Mizorem",,1989,8,,1989,8,,18,,,2000,2000,,,,Km2,,,2003-07-01,2023-09-25
1990-0396-IND,Yes,Natural,Meteorological,Storm,Severe weather,,IND,India,Golfe du Bengale,,1990,8,20,1990,8,20,500,,,,,,,,Kph,,,2003-07-01,2023-09-25
1990-0406-IND,Yes,Natural,Hydrological,Mass movement (wet),Landslide (wet),,IND,India,Sikkim,,1990,9,16,1990,9,16,30,,,,,,,,,,,2003-07-01,2023-09-25
1990-0423-IND,Yes,Natural,Meteorological,Extreme temperature,Cold wave,,IND,India,"North, West",,1990,12,29,1990,12,29,86,,,,,,,,°C,,,2003-07-01,2023-09-25
1991-0189-IND,Yes,Natural,Hydrological,Flood,Coastal flood,,IND,India,"Assam, Meghalaya states",,1991,7,13,1991,7,19,59,,2000000,300000,2300000,,,,Km2,,,2005-11-25,2023-09-25
1991-0509-IND,Yes,Natural,Hydrological,Flood,Riverine flood,,IND,India,Kerala state,,1991,6,1,1991,7,9,99,,,,,118000,278940,,Km2,,,2006-01-07,2023-09-25
1991-0766-IND,Yes,Natural,Hydrological,Flood,Riverine flood,,IND,India,West Bengal state,,1991,9,14,1991,9,15,84,,4000000,,4000000,40000,94556,91960,Km2,,,2006-07-18,2023-09-25
1992-0097-IND,Yes,Natural,Meteorological,Storm,Tropical cyclone,,IND,India,Naogoan district (Assam state),,1992,4,22,1992,4,22,25,100,,,100,,,140,Kph,,,2006-01-06,2023-09-25
1992-0332-IND,Yes,Natural,Hydrological,Mass movement (wet),Landslide (wet),,IND,India,Aizawl (Mizoram state),,1992,8,9,1992,8,9,60,,,,,,,,,,,2003-07-01,2023-09-25
1992-0483-IND,Yes,Natural,Hydrological,Flood,Flood (General),,IND,India,"Tamil Nadu, Kerala, Karnataka, Andhra Pradesh states",,1992,11,10,1992,11,10,179,,,500,500,69000,158314,,Km2,,,2007-08-08,2023-09-25
1993-0042-IND,Yes,Natural,Hydrological,Flood,Flood (General),,IND,India,"Punjab, Haryana, Himachal Pradesh, Gujarat, Jammu and Kashmir, Rajasthan, Madhya Pradesh, Chandigarh, Assam states",,1993,7,8,1993,7,31,827,,128000000,,128000000,7000000,15600352,80937,Km2,,,2007-08-13,2023-09-25
1993-0138-IND,Yes,Natural,Meteorological,Storm,Tropical cyclone,,IND,India,"Near Kandi (Murshidabad district, West Bengal)",,1993,4,9,1993,4,9,125,500,,,500,,,200,Kph,,,2003-07-01,2023-09-25
1993-0208-IND,Yes,Natural,Hydrological,Mass movement (wet),Landslide (wet),,IND,India,Bombay,,1993,9,23,1993,9,23,20,25,,,25,,,,,,,2003-07-01,2023-09-25
1993-9472-IND,Yes,Natural,Climatological,Drought,Drought,,IND,India,"Bihar, Orissa, Andhra Pradesh, Maharashtra, Gujarat, Madhya Prasdesh, Uttar Pradesh, Karnataka",,1993,3,,1993,10,,,,1175000,,1175000,,,,Km2,,,2007-12-06,2023-09-25
1995-0202-IND,Yes,Natural,Hydrological,Mass movement (wet),Landslide (wet),,IND,India,Kulla (Himachal Pradesh),,1995,9,12,1995,9,12,400,,,1100000,1100000,,,,,,,2003-07-01,2023-09-25
1995-0275-IND,Yes,Natural,Meteorological,Storm,Tropical cyclone,,IND,India,"Orissa, Andra Pradesh",,1995,11,10,1995,11,10,128,,,,,46300,97819,,Kph,,,2003-07-01,2023-09-25
1996-0183-IND,Yes,Natural,Hydrological,Flood,Flood (General),,IND,India,Uttar Pradesh,,1996,7,11,1996,7,11,21,10,,,10,,,,Km2,,,2007-05-06,2023-09-25
1996-0496-IND,Yes,Natural,Hydrological,Flood,Riverine flood,,IND,India,"West Bengal, Arunachal Pradesh, Assam",,1996,7,10,1996,7,24,82,,3000000,,3000000,85000,174467,129000,Km2,,,2006-07-10,2023-09-25
1997-0165-IND,Yes,Natural,Hydrological,Mass movement (wet),Landslide (wet),,IND,India,Darjeeling Hills Level 1 = West Bengal,,1997,8,6,1997,8,6,23,,,2000,2000,,,,,,,2003-07-01,2023-09-25
1999-0213-IND,Yes,Natural,Hydrological,Flood,Riverine flood,,IND,India,"Assam, Bihar, Gujarat, Karnataka, Kerala, Tripura, West Bengal, Arunachal Pradesh, Punjab",,1999,7,11,1999,8,3,325,,5500000,,5500000,,,,Km2,,,2005-10-25,2023-09-25
1999-0371-IND,Yes,Natural,Hydrological,Flood,Flood (General),,IND,India,"Uttar Pradesh, Bihar, West Bengal, Madhya Prasdeh, Delhi",,1999,9,,1999,9,,229,,22120000,,22120000,2400,4639,,Km2,,,2003-07-01,2023-09-25
2000-0415-IND,No,Natural,Hydrological,Mass movement (wet),Landslide (wet),,IND,India,"Ghatkopar village (Mumbai Suburban district, Maharashtra province)","[{""adm2_code"":70183,""adm2_name"":""Mumbai Suburban""}]",2000,7,12,2000,7,12,58,38,7000,,7038,,,,,,,2005-04-24,2025-12-20
2000-0444-IND,No,Natural,Hydrological,Flood,Flash flood,,IND,India,"East Siang, 70041, West Siang, 70054, Upper Siang (70051), 70045, 70050, Lower Dibang Valley districts (Arunachal Pradesh province)","[{""adm2_code"":70041,""adm2_name"":""Administrative unit not available""},{""adm2_code"":70045,""adm2_name"":""Administrative unit not available""},{""adm2_code"":70050,""adm2_name"":""Administrative unit not available""},{""adm2_code"":70051,""adm2_name"":""Administrative unit not available""},{""adm2_code"":70054,""adm2_name"":""Administrative unit not available""},{""adm2_code"":17571,""adm2_name"":""East Siang""},{""adm2_code"":17575,""adm2_name"":""West Siang""},{""adm2_code"":70084,""adm2_name"":""Lower Dibang Valley""}]",2000,7,,2000,7,,130,,,,,,,,Km2,,,2003-07-01,2025-12-20
2000-0785-IND,No,Natural,Meteorological,Storm,Tropical cyclone,03B,IND,India,"Nagappattinam, Thanjavur, Sirkali, Papanasam, Tiruvallur, Tiruvarur areas (Cuddalore district, Tamil Nadu province), Andhra Pradesh province","[{""adm1_code"":1485,""adm1_name"":""Andhra Pradesh""},{""adm2_code"":70243,""adm2_name"":""Cuddalore""}]",2000,11,29,2000,11,29,,,30000,,30000,,,120,Kph,,,2003-07-01,2025-12-20
2001-0387-IND,No,Natural,Hydrological,Flood,Riverine flood,,IND,India,"Idukki, Kottayam, Pattanamtitta, Kollam, Alappuzha districts (Kerala province)","[{""adm2_code"":17700,""adm2_name"":""Idukki""},{""adm2_code"":17702,""adm2_name"":""Kottayam""},{""adm2_code"":17706,""adm2_name"":""Pattanamtitta""},{""adm2_code"":17707,""adm2_name"":""Kollam""},{""adm2_code"":70298,""adm2_name"":""Alappuzha""}]",2001,7,4,2001,7,16,86,,40000,,40000,116924,212591,4470,Km2,,,2005-09-20,2025-12-20
2001-0501-IND,No,Natural,Hydrological,Mass movement (wet),Landslide (wet),,IND,India,Chamba district (Himachal Pradesh province),"[{""adm2_code"":17667,""adm2_name"":""Chamba""}]",2001,8,14,2001,8,14,16,,,,,,,,,,,2003-07-01,2025-12-20
2002-0374-IND,No,Natural,Hydrological,Flood,Riverine flood,,IND,India,"Barpeta, Bongaigaon, Cachar, Darrang, Dhemaji, Dhuburi, Dibrugarh, Goalpara, Golaghat, Jorhat, Kamrup, Karimganj, Kokrajhar, Lakhimpur, Marigaon, Nagaon, Nalbari, Sibsagar, Sonitpur, Tinsukia districts (Assam province), Araria, Begusarai, Bhagalpur, Darbhanga, Gopalganj, Katihar, Khagaria, Kishanganj, Madhepura, Madhubani, Muzaffarpur, Nalanda, Pashchim Champaran, Patna, Pruba Champaran, Purnia, Saharsa, Samastipur, Saran, Sheikhpura, Sheohar, Sitamarhi, Siwan, Supaul districts (Bihar province), Lahul and Spiti district (Himachal Pradesh province), Balaghat district (Madhya Pradesh province), Tehri Garhwal district (Uttarakhand province), Adilabad, Khammam, Karimnagar districts (Andhra Pradesh province), Jalpaiguri, Kochbihar, Darjiling districts (West Bengal province), Meghalaya, Tripura, Arunachal Pradesh, Gujarat, Kerala, Manipur, Maharashrta provinces","[{""adm1_code"":1491,""adm1_name"":""Gujarat""},{""adm1_code"":1495,""adm1_name"":""Kerala""},{""adm1_code"":1498,""adm1_name"":""Maharashtra""},{""adm1_code"":1500,""adm1_name"":""Manipur""},{""adm1_code"":1501,""adm1_name"":""Meghalaya""},{""adm1_code"":1509,""adm1_name"":""Tripura""},{""adm1_code"":70036,""adm1_name"":""Administrative unit not available""},{""adm1_code"":70037,""adm1_name"":""Administrative unit not available""},{""adm1_code"":70072,""adm1_name"":""Arunachal Pradesh""},{""adm2_code"":17547,""adm2_name"":""Adilabad""},{""adm2_code"":17554,""adm2_name"":""Karimnagar""},{""adm2_code"":17555,""adm2_name"":""Khammam""},{""adm2_code"":17576,""adm2_name"":""Barpeta""},{""adm2_code"":17577,""adm2_name"":""Cachar""},{""adm2_code"":17578,""adm2_name"":""Darrang""},{""adm2_code"":17579,""adm2_name"":""Dhuburi""},{""adm2_code"":17580,""adm2_name"":""Dibrugarh""},{""adm2_code"":17581,""adm2_name"":""Goalpara""},{""adm2_code"":17582,""adm2_name"":""Golaghat""},{""adm2_code"":17583,""adm2_name"":""Kamrup""},{""adm2_code"":17585,""adm2_name"":""Karimganj""},{""adm2_code"":17589,""adm2_name"":""Nagaon""},{""adm2_code"":17590,""adm2_name"":""Nalbari""},{""adm2_code"":17592,""adm2_name"":""Sibsagar""},{""adm2_code"":17593,""adm2_name"":""Sonitpur""},{""adm2_code"":70086,""adm2_name"":""Bongaigaon""},{""adm2_code"":70087,""adm2_name"":""Dhemaji""},{""adm2_code"":70089,""adm2_name"":""Jorhat""},{""adm2_code"":70090,""adm2_name"":""Kokrajhar""},{""adm2_code"":70091,""adm2_name"":""Lakhimpur""},{""adm2_code"":70092,""adm2_name"":""Marigaon""},{""adm2_code"":70093,""adm2_name"":""Tinsukia""},{""adm2_code"":17672,""adm2_name"":""Lahul and Spiti""},{""adm2_code"":17948,""adm2_name"":""Darjiling""},{""adm2_code"":17951,""adm2_name"":""Jalpaiguri""},{""adm2_code"":17952,""adm2_name"":""Kochbihar""},{""adm2_code"":17595,""adm2_name"":""Begusarai""},{""adm2_code"":17596,""adm2_name"":""Bhagalpur""},{""adm2_code"":17598,""adm2_name"":""Darbhanga""},{""adm2_code"":17604,""adm2_name"":""Gopalganj""},{""adm2_code"":17608,""adm2_name"":""Katihar""},{""adm2_code"":17609,""adm2_name"":""Khagaria""},{""adm2_code"":17611,""adm2_name"":""Madhubani""},{""adm2_code"":17612,""adm2_name"":""Madhepura""},{""adm2_code"":17613,""adm2_name"":""Muzaffarpur""},{""adm2_code"":17615,""adm2_name"":""Nalanda""},{""adm2_code"":17618,""adm2_name"":""Pashchim Champaran""},{""adm2_code"":17619,""adm2_name"":""Patna""},{""adm2_code"":17620,""adm2_name"":""Purba Champaran""},{""adm2_code"":17621,""adm2_name"":""Purnia""},{""adm2_code"":17624,""adm2_name"":""Saharsa""},{""adm2_code"":17626,""adm2_name"":""Samastipur""},{""adm2_code"":17628,""adm2_name"":""Saran""},{""adm2_code"":17630,""adm2_name"":""Sitamarhi""},{""adm2_code"":17631,""adm2_name"":""Siwan""},{""adm2_code"":70094,""adm2_name"":""Araria""},{""adm2_code"":70100,""adm2_name"":""Kishanganj""},{""adm2_code"":70102,""adm2_name"":""Sheikhpura""},{""adm2_code"":70103,""adm2_name"":""Sheohar""},{""adm2_code"":70104,""adm2_name"":""Supaul""},{""adm2_code"":17712,""adm2_name"":""Balaghat""},{""adm2_code"":70287,""adm2_name"":""Tehri Garhwal""}]",2002,6,21,2002,8,28,549,,42000000,,42000000,30772,55076,276600,Km2,,,2005-09-23,2025-12-20
2002-0729-IND,No,Natural,Hydrological,Flood,Flood (General),,IND,India,"Chennai, Coimbatore, Cuddalore districts (Tamil Nadu province","[{""adm2_code"":17867,""adm2_name"":""Coimbatore""},{""adm2_code"":70242,""adm2_name"":""Chennai""},{""adm2_code"":70243,""adm2_name"":""Cuddalore""}]",2002,10,1,2002,10,1,20,,200,,200,,,,Km2,,,2003-07-01,2025-12-20
2002-0818-IND,No,Natural,Meteorological,Extreme temperature,Cold wave,,IND,India,"Bihar, Uttar Pradesh, Himachal Pradesh, Rajasthan, Jharkhand, Jammu and Kashmir, Punjab, Haryana, Delhi provinces","[{""adm1_code"":1489,""adm1_name"":""Delhi""},{""adm1_code"":1492,""adm1_name"":""Haryana""},{""adm1_code"":1493,""adm1_name"":""Himachal Pradesh""},{""adm1_code"":1505,""adm1_name"":""Punjab""},{""adm1_code"":1506,""adm1_name"":""Rajasthan""},{""adm1_code"":40408,""adm1_name"":""Administrative unit not available""},{""adm1_code"":40409,""adm1_name"":""Administrative unit not available""},{""adm1_code"":40422,""adm1_name"":""Administrative unit not available""},{""adm1_code"":40423,""adm1_name"":""Administrative unit not available""},{""adm1_code"":40424,""adm1_name"":""Administrative unit not available""},{""adm1_code"":40425,""adm1_name"":""Administrative unit not available""},{""adm1_code"":40426,""adm1_name"":""Administrative unit not available""},{""adm1_code"":40427,""adm1_name"":""Administrative unit not available""},{""adm1_code"":40428,""adm1_name"":""Administrative unit not available""},{""adm1_code"":40429,""adm1_name"":""Administrative unit not available""},{""adm1_code"":40430,""adm1_name"":""Administrative unit not available""},{""adm1_code"":40431,""adm1_name"":""Administrative unit not available""},{""adm1_code"":70073,""adm1_name"":""Bihar""},{""adm1_code"":70078,""adm1_name"":""Jharkhand""},{""adm1_code"":70081,""adm1_name"":""Uttar Pradesh""}]",2002,12,,2002,12,,900,,,,,,,5,°C,,,2003-07-01,2025-12-20
2003-0089-IND,No,Natural,Meteorological,Storm,Storm (General),,IND,India,Betul district (Madhya Pradesh province),"[{""adm2_code"":17714,""adm2_name"":""Betul""}]",2003,2,17,2003,2,17,20,,,200,200,,,,Kph,,,2003-09-05,2025-12-20
2003-0099-IND,No,Natural,Meteorological,Storm,Storm (General),,IND,India,"Jammu and Kashmir (40424 to 40431), Punjab, Haryana provinces","[{""adm1_code"":1492,""adm1_name"":""Haryana""},{""adm1_code"":1505,""adm1_name"":""Punjab""},{""adm1_code"":40424,""adm1_name"":""Administrative unit not available""},{""adm1_code"":40425,""adm1_name"":""Administrative unit not available""},{""adm1_code"":40426,""adm1_name"":""Administrative unit not available""},{""adm1_code"":40427,""adm1_name"":""Administrative unit not available""},{""adm1_code"":40428,""adm1_name"":""Administrative unit not available""},{""adm1_code"":40429,""adm1_name"":""Administrative unit not available""},{""adm1_code"":40430,""adm1_name"":""Administrative unit not available""},{""adm1_code"":40431,""adm1_name"":""Administrative unit not available""}]",2003,2,19,2003,2,19,14,4,,,4,,,,Kph,,,2003-09-05,2025-12-20
2003-0134-IND,No,Natural,Meteorological,Storm,Hail,,IND,India,"Bankura, Hugli, Haora districts (West Bengal province)","[{""adm2_code"":17945,""adm2_name"":""Bankura""},{""adm2_code"":17949,""adm2_name"":""Haora""},{""adm2_code"":17950,""adm2_name"":""Hugli""}]",2003,3,12,2003,3,12,30,500,294765,190645,485910,16000,28001,,Kph,,,2003-10-03,2025-12-20
2003-0234-IND,No,Natural,Meteorological,Storm,Tropical cyclone,,IND,India,"Mekhliganj, Haldibari, Fukaldabri, Nijtaraf, Kasiabari, Bholarhat, Beltali areas (Kochbihar district, West Bengal province)","[{""adm2_code"":17952,""adm2_name"":""Kochbihar""}]",2003,4,12,2003,4,12,,60,,400,460,,,,Kph,,,2003-10-08,2025-12-20
2003-0683-IND,No,Natural,Hydrological,Flood,Riverine flood,,IND,India,"Cuttack, Jagatsinghpur, Kendrapara, Jajpur, Puri, Bolangir, Sonepur, Kalahandi, Rayagada, Gajapati, Baragarh, Koraput, Nayagarh, Ganjam, Angul districts (Orissa province)","[{""adm2_code"":17809,""adm2_name"":""Cuttack""},{""adm2_code"":17811,""adm2_name"":""Ganjam""},{""adm2_code"":17812,""adm2_name"":""Kalahandi""},{""adm2_code"":17814,""adm2_name"":""Koraput""},{""adm2_code"":17818,""adm2_name"":""Puri""},{""adm2_code"":70206,""adm2_name"":""Angul""},{""adm2_code"":70208,""adm2_name"":""Baragarh""},{""adm2_code"":70210,""adm2_name"":""Bolangir""},{""adm2_code"":70213,""adm2_name"":""Gajapati""},{""adm2_code"":70214,""adm2_name"":""Jagatsinghpur""},{""adm2_code"":70215,""adm2_name"":""Jajpur""},{""adm2_code"":70218,""adm2_name"":""Kendrapara""},{""adm2_code"":70222,""adm2_name"":""Nayagarh""},{""adm2_code"":70224,""adm2_name"":""Rayagada""},{""adm2_code"":70225,""adm2_name"":""Sonepur""}]",2003,8,27,2003,10,20,67,,3000000,,3000000,169000,295765,117900,Km2,,,2004-02-11,2025-12-20
2003-0719-IND,No,Natural,Hydrological,Flood,Flash flood,,IND,India,Kullu district (Himachal Pradesh province),"[{""adm2_code"":17671,""adm2_name"":""Kullu""}]",2003,7,16,2003,7,16,150,30,,,30,,,,Km2,,,2004-02-18,2025-12-20
2003-0720-IND,No,Natural,Hydrological,Flood,Flash flood,,IND,India,"Solang village (Kullu district, Himachal Pradesh)","[{""adm2_code"":17671,""adm2_name"":""Kullu""}]",2003,8,7,2003,8,7,43,15,,,15,,,,Km2,,,2004-02-18,2025-12-20
2004-0298-IND,No,Natural,Hydrological,Flood,Riverine flood,,IND,India,"Darbhanga, Madhubani, Sitamarhi, Banka, Bhagalpur, Muzaffarpur, Sheohar districts (Bihar province), West Tripura, South Tripura districts (Tripura province), Kamrup, Nalbari, Darrang, Sonitpur, Dhemaji, Lakhimpur districts (Assam province), Gujarat, Jammu and Kashmir provinces","[{""adm1_code"":1491,""adm1_name"":""Gujarat""},{""adm1_code"":40422,""adm1_name"":""Administrative unit not available""},{""adm1_code"":40423,""adm1_name"":""Administrative unit not available""},{""adm1_code"":40424,""adm1_name"":""Administrative unit not available""},{""adm1_code"":40425,""adm1_name"":""Administrative unit not available""},{""adm1_code"":40426,""adm1_name"":""Administrative unit not available""},{""adm1_code"":40427,""adm1_name"":""Administrative unit not available""},{""adm1_code"":40428,""adm1_name"":""Administrative unit not available""},{""adm1_code"":40429,""adm1_name"":""Administrative unit not available""},{""adm1_code"":40430,""adm1_name"":""Administrative unit not available""},{""adm1_code"":40431,""adm1_name"":""Administrative unit not available""},{""adm2_code"":17578,""adm2_name"":""Darrang""},{""adm2_code"":17583,""adm2_name"":""Kamrup""},{""adm2_code"":17590,""adm2_name"":""Nalbari""},{""adm2_code"":17593,""adm2_name"":""Sonitpur""},{""adm2_code"":70087,""adm2_name"":""Dhemaji""},{""adm2_code"":70091,""adm2_name"":""Lakhimpur""},{""adm2_code"":17886,""adm2_name"":""South Tripura""},{""adm2_code"":17887,""adm2_name"":""West Tripura""},{""adm2_code"":17596,""adm2_name"":""Bhagalpur""},{""adm2_code"":17598,""adm2_name"":""Darbhanga""},{""adm2_code"":17611,""adm2_name"":""Madhubani""},{""adm2_code"":17613,""adm2_name"":""Muzaffarpur""},{""adm2_code"":17630,""adm2_name"":""Sitamarhi""},{""adm2_code"":70095,""adm2_name"":""Banka""},{""adm2_code"":70103,""adm2_name"":""Sheohar""}]",2004,6,20,2004,8,,900,,33000000,,33000000,2500000,4261135,,Km2,,,2005-12-01,2025-12-20
2004-0509-IND,No,Natural,Hydrological,Flood,Flash flood,,IND,India,"Goalpara district (Assam province), Meghalaya, Arunachal Pradesh, West Bengal provinces","[{""adm1_code"":1501,""adm1_name"":""Meghalaya""},{""adm1_code"":1511,""adm1_name"":""West Bengal""},{""adm1_code"":70072,""adm1_name"":""Arunachal Pradesh""},{""adm2_code"":17581,""adm2_name"":""Goalpara""}]",2004,10,7,2004,10,18,160,,,100000,100000,,,,Km2,,,2004-11-02,2025-12-20
2004-0659-IND,No,Natural,Geophysical,Earthquake,Tsunami,,IND,India,"Kancheepuram, Villupuram, Nagapattinam, Thoothukudi, Tirunelveli Kattabo, Kanniyakumari, Chennai, Thiruvallur, Cuddalore, Pudukkottai, Ramanathapuram, Sivaganga, Thanjavur districts (Tamil Nadu province), Vishakhapatnam, East Godavari, West Godavari, Krishna, Guntur, Prakasam, Nellore districts (Andhra Pradesh province), Kollam, Alappuzha, Ernakulam districts (Kerala province), Puducherry, Karaikal district (Puducherry province), Andaman and Nicobar province","[{""adm1_code"":1484,""adm1_name"":""Andaman and Nicobar""},{""adm2_code"":17551,""adm2_name"":""East Godavari""},{""adm2_code"":17552,""adm2_name"":""Guntur""},{""adm2_code"":17556,""adm2_name"":""Krishna""},{""adm2_code"":17561,""adm2_name"":""Nellore""},{""adm2_code"":17563,""adm2_name"":""Prakasam""},{""adm2_code"":17566,""adm2_name"":""Vishakhapatnam""},{""adm2_code"":17569,""adm2_name"":""West Godavari""},{""adm2_code"":17699,""adm2_name"":""Ernakulam""},{""adm2_code"":17707,""adm2_name"":""Kollam""},{""adm2_code"":70298,""adm2_name"":""Alappuzha""},{""adm2_code"":17866,""adm2_name"":""Thoothukudi""},{""adm2_code"":17870,""adm2_name"":""Kanniyakumari""},{""adm2_code"":17876,""adm2_name"":""Pudukkottai""},{""adm2_code"":17878,""adm2_name"":""Ramanathapuram""},{""adm2_code"":17881,""adm2_name"":""Thanjavur""},{""adm2_code"":17882,""adm2_name"":""Sivaganga""},{""adm2_code"":17884,""adm2_name"":""Tirunelveli Kattabo""},{""adm2_code"":70242,""adm2_name"":""Chennai""},{""adm2_code"":70243,""adm2_name"":""Cuddalore""},{""adm2_code"":70244,""adm2_name"":""Kancheepuram""},{""adm2_code"":70247,""adm2_name"":""Nagapattinam""},{""adm2_code"":70251,""adm2_name"":""Thiruvallur""},{""adm2_code"":70255,""adm2_name"":""Villupuram""},{""adm2_code"":70226,""adm2_name"":""Karaikal""},{""adm2_code"":70228,""adm2_name"":""Puducherry""}]",2004,12,26,2004,12,26,16389,6913,647599,,654512,1022800,1743316,9.1,Moment Magnitude,3.295,95.982,2014-03-27,2026-01-25
2004-0734-IND,No,Natural,Hydrological,Flood,Riverine flood,,IND,India,"Uttarakhand, Gujarat, Maharashtra, Punjab, Haryana, Rajasthan provinces","[{""adm1_code"":1491,""adm1_name"":""Gujarat""},{""adm1_code"":1492,""adm1_name"":""Haryana""},{""adm1_code"":1498,""adm1_name"":""Maharashtra""},{""adm1_code"":1505,""adm1_name"":""Punjab""},{""adm1_code"":1506,""adm1_name"":""Rajasthan""},{""adm1_code"":70082,""adm1_name"":""Uttarakhand""}]",2004,8,1,2004,9,8,210,,100000,,100000,276000,470429,,Km2,,,2005-03-25,2025-12-20
2005-0191-IND,No,Natural,Meteorological,Storm,Storm (General),,IND,India,"Barddhaman, North 24 Parganas, South 24 Parganas districts (West Bengal province)","[{""adm2_code"":17946,""adm2_name"":""Barddhaman""},{""adm2_code"":70293,""adm2_name"":""North 24 Parganas""},{""adm2_code"":70294,""adm2_name"":""South 24 Parganas""}]",2005,3,23,2005,3,24,18,50,,7500,7550,,,,Kph,,,2005-04-11,2025-12-20
2005-0323-IND,No,Natural,Meteorological,Extreme temperature,Heat wave,,IND,India,"Uttar Pradesh, Bihar, West Bengal, Orissa, Maharashtra, Andhra Pradesh provinces","[{""adm1_code"":1485,""adm1_name"":""Andhra Pradesh""},{""adm1_code"":1498,""adm1_name"":""Maharashtra""},{""adm1_code"":1504,""adm1_name"":""Orissa""},{""adm1_code"":1511,""adm1_name"":""West Bengal""},{""adm1_code"":70073,""adm1_name"":""Bihar""},{""adm1_code"":70081,""adm1_name"":""Uttar Pradesh""}]",2005,6,,2005,6,,329,,,,,,,49,°C,,,2006-03-07,2025-12-20
2005-0335-IND,No,Natural,Hydrological,Flood,Riverine flood,,IND,India,"Surat, Valsad, Navsari, Bharuch, Vadodara, Surendranagar, The Dangs, Ahmedabad, Anand, Kheda, Amreli, Bhavnagar, Junagadh, Rajkot, Narmada, Jamnagar, Gandhinagar, Sabarkantha districts (Gujarat province)","[{""adm2_code"":17635,""adm2_name"":""Ahmadabad""},{""adm2_code"":17636,""adm2_name"":""Amreli""},{""adm2_code"":17638,""adm2_name"":""Bharuch""},{""adm2_code"":17639,""adm2_name"":""Bhavnagar""},{""adm2_code"":17640,""adm2_name"":""Gandhinagar""},{""adm2_code"":17641,""adm2_name"":""Jamnagar""},{""adm2_code"":17642,""adm2_name"":""Junagadh""},{""adm2_code"":17644,""adm2_name"":""Kheda""},{""adm2_code"":17647,""adm2_name"":""Rajkot""},{""adm2_code"":17648,""adm2_name"":""Sabar Kantha""},{""adm2_code"":17649,""adm2_name"":""Surat""},{""adm2_code"":17650,""adm2_name"":""Surendranagar""},{""adm2_code"":17651,""adm2_name"":""The Dangs""},{""adm2_code"":17652,""adm2_name"":""Vadodara""},{""adm2_code"":17653,""adm2_name"":""Valsad""},{""adm2_code"":70124,""adm2_name"":""Anand""},{""adm2_code"":70126,""adm2_name"":""Narmada""},{""adm2_code"":70127,""adm2_name"":""Navsari""}]",2005,6,28,2005,7,15,239,,405000,,405000,2300000,3791605,,Km2,,,2006-01-18,2025-12-20
2005-0457-IND,No,Natural,Hydrological,Mass movement (wet),Landslide (wet),,IND,India,"Guwahati city (Kamrup district, Assam province)","[{""adm2_code"":17583,""adm2_name"":""Kamrup""}]",2005,8,24,2005,8,25,12,20,,,20,,,,,,,2005-09-06,2025-12-20
2006-0342-IND,No,Natural,Hydrological,Flood,Riverine flood,,IND,India,"Ballia, Chandauli districts (Uttar Pradesh province)","[{""adm2_code"":17894,""adm2_name"":""Ballia""},{""adm2_code"":70262,""adm2_name"":""Chandauli""}]",2006,6,24,2006,6,27,130,,300000,,300000,,,13110,Km2,25.62,83.67,2007-01-06,2025-12-20
2006-0369-IND,No,Natural,Hydrological,Flood,Riverine flood,,IND,India,"Navsari, The Dangs districts (Gujarat)","[{""adm2_code"":17651,""adm2_name"":""The Dangs""},{""adm2_code"":70127,""adm2_name"":""Navsari""}]",2006,7,4,2006,7,7,24,,8400,,8400,,,170100,Km2,22.41,71.31,2007-01-06,2025-12-20
2006-0389-IND,No,Natural,Hydrological,Flood,Riverine flood,,IND,India,Jammu and Kashmir provinces,"[{""adm1_code"":40422,""adm1_name"":""Administrative unit not available""},{""adm1_code"":40423,""adm1_name"":""Administrative unit not available""},{""adm1_code"":40424,""adm1_name"":""Administrative unit not available""},{""adm1_code"":40425,""adm1_name"":""Administrative unit not available""},{""adm1_code"":40426,""adm1_name"":""Administrative unit not available""},{""adm1_code"":40427,""adm1_name"":""Administrative unit not available""},{""adm1_code"":40428,""adm1_name"":""Administrative unit not available""},{""adm1_code"":40429,""adm1_name"":""Administrative unit not available""},{""adm1_code"":40430,""adm1_name"":""Administrative unit not available""},{""adm1_code"":40431,""adm1_name"":""Administrative unit not available""}]",2006,7,24,2006,8,22,15,,800,,800,,,,Km2,34.61,73.2,2007-01-06,2025-12-20
2006-0712-IND,No,Natural,Hydrological,Flood,Riverine flood,,IND,India,"Orissa, Andhra Pradesh, Chhattisgarh provinces","[{""adm1_code"":1485,""adm1_name"":""Andhra Pradesh""},{""adm1_code"":1504,""adm1_name"":""Orissa""},{""adm1_code"":70075,""adm1_name"":""Chhattisgarh""}]",2006,8,1,2006,9,10,185,,2000000,,2000000,,,302800,Km2,18.1,81.53,2007-01-08,2025-12-20
2006-0731-IND,No,Natural,Hydrological,Flood,Riverine flood,,IND,India,"Madhya Pradesh, Maharashtra, Rajasthan provinces","[{""adm1_code"":1498,""adm1_name"":""Maharashtra""},{""adm1_code"":1506,""adm1_name"":""Rajasthan""},{""adm1_code"":70079,""adm1_name"":""Madhya Pradesh""}]",2006,3,9,2006,3,10,61,113,,,113,,,,Km2,,,2007-03-08,2025-12-20
2006-0734-IND,No,Natural,Hydrological,Flood,Flash flood,,IND,India,Madhya Pradesh province,"[{""adm1_code"":70079,""adm1_name"":""Madhya Pradesh""}]",2006,10,1,2006,10,1,39,,,,,,,,Km2,,,2007-03-09,2025-12-20
2007-0238-IND,No,Natural,Hydrological,Flood,Riverine flood,,IND,India,"Junagadh district (Daman and Diu province), Amreli, Bhavnagar, Jamnagar, Junagadh, Porbandar, Rajkot, Surendranagar districts (Gujarat province), Rajasthan, Madhya Pradesh","[{""adm1_code"":1506,""adm1_name"":""Rajasthan""},{""adm1_code"":70079,""adm1_name"":""Madhya Pradesh""},{""adm2_code"":17636,""adm2_name"":""Amreli""},{""adm2_code"":17639,""adm2_name"":""Bhavnagar""},{""adm2_code"":17641,""adm2_name"":""Jamnagar""},{""adm2_code"":17642,""adm2_name"":""Junagadh""},{""adm2_code"":17647,""adm2_name"":""Rajkot""},{""adm2_code"":17650,""adm2_name"":""Surendranagar""},{""adm2_code"":70130,""adm2_name"":""Porbandar""},{""adm2_code"":70121,""adm2_name"":""Junagadh""}]",2007,7,1,2007,7,13,225,,63000,,63000,,,61700,Km2,22.02,72.25,2007-12-13,2025-12-20
2007-0250-IND,No,Natural,Hydrological,Flood,Flash flood,,IND,India,"Kurnool, Mahbubnagar, Guntur, Prakasam, East Godavari, West Godavari, Anantapur, Cuddapah districts (Andhra Pradesh province), Thrissur district (Kerala province), Belgaum, Bijapur, Bagalkot, Kodagu, Hassan, Mysore districts (Karnataka province), Mumbai City, Pune districts (Maharashtra province)","[{""adm2_code"":17548,""adm2_name"":""Anantapur""},{""adm2_code"":17550,""adm2_name"":""Cuddapah""},{""adm2_code"":17551,""adm2_name"":""East Godavari""},{""adm2_code"":17552,""adm2_name"":""Guntur""},{""adm2_code"":17557,""adm2_name"":""Kurnool""},{""adm2_code"":17558,""adm2_name"":""Mahbubnagar""},{""adm2_code"":17563,""adm2_name"":""Prakasam""},{""adm2_code"":17569,""adm2_name"":""West Godavari""},{""adm2_code"":17679,""adm2_name"":""Belgaum""},{""adm2_code"":17682,""adm2_name"":""Bijapur""},{""adm2_code"":17688,""adm2_name"":""Hassan""},{""adm2_code"":17689,""adm2_name"":""Kodagu""},{""adm2_code"":17692,""adm2_name"":""Mysore""},{""adm2_code"":70157,""adm2_name"":""Bagalkot""},{""adm2_code"":17708,""adm2_name"":""Thrissur""},{""adm2_code"":17776,""adm2_name"":""Pune""},{""adm2_code"":70184,""adm2_name"":""Mumbai city""}]",2007,6,22,2007,7,4,127,,200000,,200000,,,449300,Km2,14.94,78.16,2008-03-11,2025-12-20
2007-0415-IND,No,Natural,Hydrological,Flood,Riverine flood,,IND,India,Gujarat province,"[{""adm1_code"":1491,""adm1_name"":""Gujarat""}]",2007,8,8,2007,8,15,16,,,,,,,133800,Km2,22.68,70.93,2007-12-14,2025-12-20
2007-0469-IND,No,Natural,Hydrological,Flood,Riverine flood,,IND,India,"Kurnool, Cuddapah, Warangal, Nalgonda, Karimnagar, Mahbubnagar, Anantapur, Nellore, Krishna districts (Andhra Pradesh province), Gadag district (Karnataka province)","[{""adm2_code"":17548,""adm2_name"":""Anantapur""},{""adm2_code"":17550,""adm2_name"":""Cuddapah""},{""adm2_code"":17554,""adm2_name"":""Karimnagar""},{""adm2_code"":17556,""adm2_name"":""Krishna""},{""adm2_code"":17557,""adm2_name"":""Kurnool""},{""adm2_code"":17558,""adm2_name"":""Mahbubnagar""},{""adm2_code"":17560,""adm2_name"":""Nalgonda""},{""adm2_code"":17561,""adm2_name"":""Nellore""},{""adm2_code"":17568,""adm2_name"":""Warangal""},{""adm2_code"":70163,""adm2_name"":""Gadag""}]",2007,9,16,2007,10,7,94,,20000,,20000,,,90280,Km2,15.71,79.88,2007-12-15,2025-12-20
2007-0674-IND,No,Natural,Meteorological,Extreme temperature,Cold wave,,IND,India,"Uttar Pradesh, Jammu and Kashmir, Gujarat provinces","[{""adm1_code"":1491,""adm1_name"":""Gujarat""},{""adm1_code"":40408,""adm1_name"":""Administrative unit not available""},{""adm1_code"":40409,""adm1_name"":""Administrative unit not available""},{""adm1_code"":40422,""adm1_name"":""Administrative unit not available""},{""adm1_code"":40423,""adm1_name"":""Administrative unit not available""},{""adm1_code"":40424,""adm1_name"":""Administrative unit not available""},{""adm1_code"":40425,""adm1_name"":""Administrative unit not available""},{""adm1_code"":40426,""adm1_name"":""Administrative unit not available""},{""adm1_code"":40427,""adm1_name"":""Administrative unit not available""},{""adm1_code"":40428,""adm1_name"":""Administrative unit not available""},{""adm1_code"":40429,""adm1_name"":""Administrative unit not available""},{""adm1_code"":40430,""adm1_name"":""Administrative unit not available""},{""adm1_code"":40431,""adm1_name"":""Administrative unit not available""},{""adm1_code"":70081,""adm1_name"":""Uttar Pradesh""}]",2007,12,,2008,1,,47,,,,,,,1.9,°C,,,2009-03-19,2025-12-20
2008-0246-IND,No,Natural,Hydrological,Flood,Flash flood,,IND,India,"Lakhimpu, Dhemaji, Sonitpur districts (Assam province), West Bengal, Orissa, Bihar, Gujarat, Goa, Haryana, Kerala, Karnataka, Maharastra, Madhya Pradesh, Punjab, Rajasthan, Uttar Pradesh, Tamil Nadu, Arunachal Pradesh, Uttarakhand, Jharkhand provinces","[{""adm1_code"":1490,""adm1_name"":""Goa""},{""adm1_code"":1491,""adm1_name"":""Gujarat""},{""adm1_code"":1492,""adm1_name"":""Haryana""},{""adm1_code"":1494,""adm1_name"":""Karnataka""},{""adm1_code"":1495,""adm1_name"":""Kerala""},{""adm1_code"":1498,""adm1_name"":""Maharashtra""},{""adm1_code"":1504,""adm1_name"":""Orissa""},{""adm1_code"":1505,""adm1_name"":""Punjab""},{""adm1_code"":1506,""adm1_name"":""Rajasthan""},{""adm1_code"":1508,""adm1_name"":""Tamil Nadu""},{""adm1_code"":1511,""adm1_name"":""West Bengal""},{""adm1_code"":70036,""adm1_name"":""Administrative unit not available""},{""adm1_code"":70037,""adm1_name"":""Administrative unit not available""},{""adm1_code"":70072,""adm1_name"":""Arunachal Pradesh""},{""adm1_code"":70073,""adm1_name"":""Bihar""},{""adm1_code"":70078,""adm1_name"":""Jharkhand""},{""adm1_code"":70079,""adm1_name"":""Madhya Pradesh""},{""adm1_code"":70081,""adm1_name"":""Uttar Pradesh""},{""adm1_code"":70082,""adm1_name"":""Uttarakhand""},{""adm2_code"":17593,""adm2_name"":""Sonitpur""},{""adm2_code"":70087,""adm2_name"":""Dhemaji""},{""adm2_code"":70091,""adm2_name"":""Lakhimpur""}]",2008,6,11,2008,7,21,1063,,7900000,,7900000,123000,183923,350600,Km2,25.18,91.54,2009-03-18,2025-12-20
2008-0285-IND,No,Natural,Hydrological,Flood,Riverine flood,,IND,India,"Assam, Bihar, Gujarat, Goa, Haryana, Jharkhand, Kerala, Karnataka, Maharashtra, Madhya Pradesh, Punjab, Orissa, Rajasthan, Uttarakhand, Uttar Pradesh, Tamil Nadu, West Bengal provinces","[{""adm1_code"":1487,""adm1_name"":""Assam""},{""adm1_code"":1490,""adm1_name"":""Goa""},{""adm1_code"":1491,""adm1_name"":""Gujarat""},{""adm1_code"":1492,""adm1_name"":""Haryana""},{""adm1_code"":1494,""adm1_name"":""Karnataka""},{""adm1_code"":1495,""adm1_name"":""Kerala""},{""adm1_code"":1498,""adm1_name"":""Maharashtra""},{""adm1_code"":1504,""adm1_name"":""Orissa""},{""adm1_code"":1505,""adm1_name"":""Punjab""},{""adm1_code"":1506,""adm1_name"":""Rajasthan""},{""adm1_code"":1508,""adm1_name"":""Tamil Nadu""},{""adm1_code"":1511,""adm1_name"":""West Bengal""},{""adm1_code"":70073,""adm1_name"":""Bihar""},{""adm1_code"":70078,""adm1_name"":""Jharkhand""},{""adm1_code"":70079,""adm1_name"":""Madhya Pradesh""},{""adm1_code"":70081,""adm1_name"":""Uttar Pradesh""},{""adm1_code"":70082,""adm1_name"":""Uttarakhand""}]",2008,7,5,2008,7,14,,,50000,,50000,,,,Km2,,,2009-01-12,2025-12-20
2008-0415-IND,No,Natural,Hydrological,Flood,Riverine flood,,IND,India,"Khammam, West Godavari, Krishna, Guntur districts (Andhra Pradesh province)","[{""adm2_code"":17552,""adm2_name"":""Guntur""},{""adm2_code"":17555,""adm2_name"":""Khammam""},{""adm2_code"":17556,""adm2_name"":""Krishna""},{""adm2_code"":17569,""adm2_name"":""West Godavari""}]",2008,9,5,2008,9,11,74,,,,,,,75490,Km2,16.65,81.38,2008-09-16,2025-12-20
2009-0130-IND,No,Natural,Meteorological,Storm,Tornado,,IND,India,Kendrapara district (Orissa province),"[{""adm2_code"":70218,""adm2_name"":""Kendrapara""}]",2009,3,31,2009,3,31,15,50,5000,4000,9050,,,,Kph,,,2010-03-05,2025-12-20
2009-0315-IND,No,Natural,Hydrological,Mass movement (wet),Landslide (wet),,IND,India,Pithoragarh district (Uttarakhand province),"[{""adm2_code"":17932,""adm2_name"":""Pithoragarh""}]",2009,8,8,2009,8,8,45,,,,,,,,,,,2010-03-05,2025-12-20
2009-0175-IND,No,Natural,Meteorological,Extreme temperature,Heat wave,,IND,India,"Orissa, West Bengal, Bihar, Uttar Pradesh, Jharkhand, Andhra Pradesh provinces","[{""adm1_code"":1485,""adm1_name"":""Andhra Pradesh""},{""adm1_code"":1504,""adm1_name"":""Orissa""},{""adm1_code"":1511,""adm1_name"":""West Bengal""},{""adm1_code"":70073,""adm1_name"":""Bihar""},{""adm1_code"":70078,""adm1_name"":""Jharkhand""},{""adm1_code"":70081,""adm1_name"":""Uttar Pradesh""}]",2009,4,14,2009,6,26,120,25,,,25,,,48,°C,,,2010-03-07,2025-12-20
2009-0409-IND,No,Natural,Hydrological,Flood,Riverine flood,,IND,India,"Bihar, Orissa, West Bengal, Assam, Kerala, Gujarat, Karnataka provinces","[{""adm1_code"":1487,""adm1_name"":""Assam""},{""adm1_code"":1491,""adm1_name"":""Gujarat""},{""adm1_code"":1494,""adm1_name"":""Karnataka""},{""adm1_code"":1495,""adm1_name"":""Kerala""},{""adm1_code"":1504,""adm1_name"":""Orissa""},{""adm1_code"":1511,""adm1_name"":""West Bengal""},{""adm1_code"":70073,""adm1_name"":""Bihar""}]",2009,7,,2009,9,,992,,1886000,,1886000,220000,330141,,Km2,,,2010-03-05,2025-12-20
2009-0638-IND,No,Natural,Hydrological,Flood,Riverine flood,,IND,India,"Darbhanga, Purnia, Sitamarhi, Saharsa, Madhubani districts (Bihar province)","[{""adm2_code"":17598,""adm2_name"":""Darbhanga""},{""adm2_code"":17611,""adm2_name"":""Madhubani""},{""adm2_code"":17621,""adm2_name"":""Purnia""},{""adm2_code"":17624,""adm2_name"":""Saharsa""},{""adm2_code"":17630,""adm2_name"":""Sitamarhi""}]",2009,8,26,2009,8,28,52,,,,,,,,Km2,,,2010-03-05,2025-12-20
2010-0052-IND,No,Natural,Hydrological,Mass movement (wet),Avalanche (wet),,IND,India,Administrative unit not available district (Jammu and Kashmir province),"[{""adm2_code"":72789,""adm2_name"":""Administrative unit not available""}]",2010,2,8,2010,2,8,17,,,,,,,,,,,2010-02-10,2023-09-25
2010-0321-IND,No,Natural,Hydrological,Flood,Riverine flood,,IND,India,Delhi province,"[{""adm1_code"":1489,""adm1_name"":""Delhi""}]",2010,7,13,2010,7,13,11,,,,,,,,Km2,,,2010-07-27,2025-12-20
2010-0276-IND,No,Natural,Hydrological,Flood,Riverine flood,,IND,India,"Ambala, Kurukshetra districts (Haryana province), Punjab, Kerala provinces","[{""adm1_code"":1495,""adm1_name"":""Kerala""},{""adm1_code"":1505,""adm1_name"":""Punjab""},{""adm2_code"":17654,""adm2_name"":""Ambala""},{""adm2_code"":17661,""adm2_name"":""Kurukshetra""}]",2010,7,5,2010,7,15,53,,,400000,400000,447000,659963,147437,Km2,30.18,74.77,2011-03-15,2025-12-20
2010-0283-IND,No,Natural,Hydrological,Flood,Riverine flood,,IND,India,Andhra Pradesh province,"[{""adm1_code"":1485,""adm1_name"":""Andhra Pradesh""}]",2010,5,18,2010,5,24,27,,50000,,50000,,,63170,Km2,15.22,79.48,2010-07-15,2025-12-20
2010-0493-IND,No,Natural,Hydrological,Flood,Riverine flood,,IND,India,"Punjab, Haryana, Uttar Pradesh provinces","[{""adm1_code"":1492,""adm1_name"":""Haryana""},{""adm1_code"":1505,""adm1_name"":""Punjab""},{""adm1_code"":70081,""adm1_name"":""Uttar Pradesh""}]",2010,9,9,2010,9,9,,,12500,,12500,,,10843,Km2,25.965,76.05,2010-10-06,2025-12-20
2010-0492-IND,No,Natural,Hydrological,Flood,Riverine flood,,IND,India,"Almora, Naini Tal districts (Uttarakhand province), Bihar, Uttar Pradesh provinces","[{""adm1_code"":70073,""adm1_name"":""Bihar""},{""adm1_code"":70081,""adm1_name"":""Uttar Pradesh""},{""adm2_code"":70280,""adm2_name"":""Almora""},{""adm2_code"":70285,""adm2_name"":""Naini Tal""}]",2010,9,18,2010,9,30,200,,3267183,,3267183,1680000,2480397,38537,Km2,26.73,82.84,2010-10-06,2025-12-20
2011-0176-IND,No,Natural,Meteorological,Storm,Lightning/Thunderstorms,,IND,India,Uttar Pradesh province,"[{""adm1_code"":70081,""adm1_name"":""Uttar Pradesh""}]",2011,5,20,2011,5,20,42,50,,,50,,,,Kph,,,2011-05-24,2025-12-20
2012-0354-IND,No,Natural,Hydrological,Flood,Riverine flood,,IND,India,"Rudra Prayag, Bageshwar districts (Uttarakhand province)","[{""adm2_code"":70281,""adm2_name"":""Bageshwar""},{""adm2_code"":70286,""adm2_name"":""Rudra Prayag""}]",2012,9,16,2012,9,18,45,,200,,200,20000,28045,37710,Km2,31.3,76.85,2012-11-22,2025-12-20
2013-0345-IND,No,Natural,Hydrological,Flood,Riverine flood,,IND,India,"Bhopal, Hoshangabad, Seoni, Narsinghpur, Jabalpur districts (Madhya Pradesh province), Uttar Pradesh, Assam provinces","[{""adm1_code"":1487,""adm1_name"":""Assam""},{""adm1_code"":70081,""adm1_name"":""Uttar Pradesh""},{""adm2_code"":17716,""adm2_name"":""Bhopal""},{""adm2_code"":17728,""adm2_name"":""Hoshangabad""},{""adm2_code"":17730,""adm2_name"":""Jabalpur""},{""adm2_code"":17735,""adm2_name"":""Narsinghpur""},{""adm2_code"":17747,""adm2_name"":""Seoni""}]",2013,8,22,2013,8,27,73,,40000,,40000,,,,Km2,,,2014-03-20,2025-12-20
2014-0047-IND,No,Natural,Meteorological,Extreme temperature,Cold wave,,IND,India,"Uttar Pradesh, Jammu and Kashmir, Uttarakhand, Delhi provinces","[{""adm1_code"":1489,""adm1_name"":""Delhi""},{""adm1_code"":40408,""adm1_name"":""Administrative unit not available""},{""adm1_code"":40409,""adm1_name"":""Administrative unit not available""},{""adm1_code"":40422,""adm1_name"":""Administrative unit not available""},{""adm1_code"":40423,""adm1_name"":""Administrative unit not available""},{""adm1_code"":40424,""adm1_name"":""Administrative unit not available""},{""adm1_code"":40425,""adm1_name"":""Administrative unit not available""},{""adm1_code"":40426,""adm1_name"":""Administrative unit not available""},{""adm1_code"":40427,""adm1_name"":""Administrative unit not available""},{""adm1_code"":40428,""adm1_name"":""Administrative unit not available""},{""adm1_code"":40429,""adm1_name"":""Administrative unit not available""},{""adm1_code"":40430,""adm1_name"":""Administrative unit not available""},{""adm1_code"":40431,""adm1_name"":""Administrative unit not available""},{""adm1_code"":70081,""adm1_name"":""Uttar Pradesh""},{""adm1_code"":70082,""adm1_name"":""Uttarakhand""}]",2014,1,20,2014,1,24,24,,,,,,,-9,°C,,,2014-02-06,2025-12-20
2014-0106-IND,No,Natural,Meteorological,Storm,Blizzard/Winter storm,,IND,India,"Doda, Bhaderwah, Thathri, Gandoh, Bhallessa villages (Kishtwar (72809) district, Jammu and Kashmir (40427) province), Kora Pani, Tangdhar villages (Kupwara (72786) district, Jumma and Kashmir (40431) province)","[{""adm2_code"":72809,""adm2_name"":""Administrative unit not available""},{""adm2_code"":72786,""adm2_name"":""Administrative unit not available""}]",2014,3,10,2014,3,12,17,,9610,,9610,,,,Kph,,,2014-07-29,2025-12-20
2014-0270-IND,No,Natural,Hydrological,Mass movement (wet),Landslide (wet),,IND,India,"Malin village (Pune district, Maharashtra province)","[{""adm2_code"":17776,""adm2_name"":""Pune""}]",2014,7,30,2014,7,30,151,,,200,200,,,,,,,2014-08-28,2025-12-20
2014-0392-IND,No,Natural,Meteorological,Storm,Tropical cyclone,Cyclone Hudhud,IND,India,"Vishakhapatnam, Gangavaram towns (Vishakhapatnam district, Andhra Pradesh province), Baragarh, Bolangir, Boudh, Gajapati, Ganjam, Kalahandi, Kandhamal, Khordha, Koraput, Malkangiri, Nabarangpur, Nayagarh, Nuapada, Puri, Rayagada, Sonepur districts (Orissa province), Chhattisgarh province","[{""adm1_code"":70075,""adm1_name"":""Chhattisgarh""},{""adm2_code"":17566,""adm2_name"":""Vishakhapatnam""},{""adm2_code"":17811,""adm2_name"":""Ganjam""},{""adm2_code"":17812,""adm2_name"":""Kalahandi""},{""adm2_code"":17814,""adm2_name"":""Koraput""},{""adm2_code"":17818,""adm2_name"":""Puri""},{""adm2_code"":70208,""adm2_name"":""Baragarh""},{""adm2_code"":70210,""adm2_name"":""Bolangir""},{""adm2_code"":70211,""adm2_name"":""Boudh""},{""adm2_code"":70213,""adm2_name"":""Gajapati""},{""adm2_code"":70217,""adm2_name"":""Kandhamal""},{""adm2_code"":70219,""adm2_name"":""Khordha""},{""adm2_code"":70220,""adm2_name"":""Malkangiri""},{""adm2_code"":70221,""adm2_name"":""Nabarangpur""},{""adm2_code"":70222,""adm2_name"":""Nayagarh""},{""adm2_code"":70223,""adm2_name"":""Nuapada""},{""adm2_code"":70224,""adm2_name"":""Rayagada""},{""adm2_code"":70225,""adm2_name"":""Sonepur""}]",2014,10,12,2014,10,12,53,,920000,,920000,7000000,9519461,215,Kph,,,2014-10-14,2025-12-20
2014-0551-IND,No,Natural,Meteorological,Storm,Lightning/Thunderstorms,,IND,India,Hyderabad district (Andhra Pradesh province),"[{""adm2_code"":17553,""adm2_name"":""Hyderabad""}]",2014,3,6,2014,3,7,7,58,1870,,1928,,,,Kph,,,2015-03-27,2025-12-20
2014-0520-IND,No,Natural,Meteorological,Extreme temperature,Cold wave,,IND,India,Muzaffarnagar district (Uttar Pradesh province),"[{""adm2_code"":17929,""adm2_name"":""Muzaffarnagar""}]",2014,12,7,2014,12,9,16,,,,,,,3.1,°C,,,2015-01-14,2025-12-20
2015-0175-IND,No,Natural,Geophysical,Earthquake,Ground movement,,IND,India,Bihar province,"[{""adm1_code"":70073,""adm1_name"":""Bihar""}]",2015,5,12,2015,5,12,20,,,,,,,7.3,Moment Magnitude,27.8087,86.0655,2015-05-21,2025-12-20
2015-0253-IND,No,Natural,Hydrological,Flood,Riverine flood,,IND,India,"Mirik, Kalimpong, Darjeeling villages (Darjiling district, West Bengal province),","[{""adm2_code"":17948,""adm2_name"":""Darjiling""}]",2015,6,23,2015,6,30,40,,,1000,1000,,,,Km2,,,2015-07-15,2025-12-20
2015-0504-IND,No,Natural,Hydrological,Flood,Flood (General),,IND,India,"Chittoor, Cuddapah, Prakasam, Nellore districts (Andhra Pradesh province), Chennai, Cuddalore, Nagapattinam, Kancheepuram, Thiruvallur, Villupuram districts (Tamil Nadu province), Puducherry province","[{""adm1_code"":70080,""adm1_name"":""Puducherry""},{""adm2_code"":17549,""adm2_name"":""Chittoor""},{""adm2_code"":17550,""adm2_name"":""Cuddapah""},{""adm2_code"":17561,""adm2_name"":""Nellore""},{""adm2_code"":17563,""adm2_name"":""Prakasam""},{""adm2_code"":70242,""adm2_name"":""Chennai""},{""adm2_code"":70243,""adm2_name"":""Cuddalore""},{""adm2_code"":70244,""adm2_name"":""Kancheepuram""},{""adm2_code"":70247,""adm2_name"":""Nagapattinam""},{""adm2_code"":70251,""adm2_name"":""Thiruvallur""},{""adm2_code"":70255,""adm2_name"":""Villupuram""}]",2015,11,8,2015,12,4,325,1000,1800000,,1801000,2200000,2988286,93202.05,Km2,11.828,78.855,2015-11-16,2025-12-20
2016-0267-IND,No,Natural,Hydrological,Flood,Flash flood,,IND,India,"Lakhimpur, Golaghat, Jorhat, Barpeta, Bongaigaon, Goalpara, Dhubri, Marigaon, Darrang, Nalbari districts (Assam province)","[{""adm2_code"":17576,""adm2_name"":""Barpeta""},{""adm2_code"":17578,""adm2_name"":""Darrang""},{""adm2_code"":17579,""adm2_name"":""Dhuburi""},{""adm2_code"":17581,""adm2_name"":""Goalpara""},{""adm2_code"":17582,""adm2_name"":""Golaghat""},{""adm2_code"":17590,""adm2_name"":""Nalbari""},{""adm2_code"":70086,""adm2_name"":""Bongaigaon""},{""adm2_code"":70089,""adm2_name"":""Jorhat""},{""adm2_code"":70091,""adm2_name"":""Lakhimpur""},{""adm2_code"":70092,""adm2_name"":""Marigaon""}]",2016,7,28,2016,7,30,50,,,2000000,2000000,150000,201208,,Km2,,,2016-08-04,2025-12-20
2016-0485-IND,No,Natural,Meteorological,Storm,Tropical cyclone,Cyclone 'Vardah',IND,India,Chennai district (Tamil Nadu province); Andhra Pradesh,"[{""adm1_code"":1485,""adm1_name"":""Andhra Pradesh""},{""adm2_code"":70242,""adm2_name"":""Chennai""}]",2016,12,12,2016,12,14,24,,,,,1000000,1341389,140,Kph,,,2016-12-13,2025-12-20
2017-0046-IND,No,Natural,Hydrological,Mass movement (wet),Avalanche (wet),,IND,India,"Sonamanrg (Ganderbal district), Gurez Valleys (Jammu and Kashmir state)","[{""adm1_code"":40424,""adm1_name"":""Administrative unit not available""},{""adm1_code"":40431,""adm1_name"":""Administrative unit not available""}]",2017,1,25,2017,1,26,28,,,,,,,,,,,2017-02-09,2025-12-20
2017-0364-IND,No,Natural,Hydrological,Flood,Flash flood,,IND,India,"Mumbai (Dadar, Khar, Bandra, Lalbaug, Kalina, Sion, Byculla, Matunga, Wadala, Parel, Khar-Danda, Pali Hill, Carter Road, Bandra, Ghatkopar, Bhandup, Mulund, and Santacruz), Thane (Maharashtra)","[{""adm2_code"":17783,""adm2_name"":""Thane""},{""adm2_code"":70183,""adm2_name"":""Mumbai Suburban""},{""adm2_code"":70184,""adm2_name"":""Mumbai city""}]",2017,8,29,2017,8,29,14,12,,,12,300000,394023,,Km2,,,2017-08-29,2025-12-20
2017-0569-IND,No,Natural,Meteorological,Storm,Lightning/Thunderstorms,,IND,India,"Jamui, Champaran, Vaishali, Samastipur, Bihar","[{""adm2_code"":17618,""adm2_name"":""Pashchim Champaran""},{""adm2_code"":17620,""adm2_name"":""Purba Champaran""},{""adm2_code"":17626,""adm2_name"":""Samastipur""},{""adm2_code"":17632,""adm2_name"":""Vaishali""},{""adm2_code"":70099,""adm2_name"":""Jamui""}]",2017,5,28,2017,5,28,29,,1250,,1250,,,,Kph,,,2018-04-12,2025-12-20
2018-0049-IND,No,Natural,Meteorological,Extreme temperature,Cold wave,,IND,India,New Delhi,"[{""adm2_code"":17633,""adm2_name"":""Delhi""}]",2018,1,1,2018,2,7,44,,,,,,,4.2,°C,,,2018-02-27,2025-12-20
2018-0137-IND,No,Natural,Meteorological,Storm,Lightning/Thunderstorms,,IND,India,"Uttar Pradesh, Rajasthan","[{""adm1_code"":1506,""adm1_name"":""Rajasthan""},{""adm1_code"":70081,""adm1_name"":""Uttar Pradesh""}]",2018,4,11,2018,4,11,42,200,,,200,100000,128210,,Kph,,,2018-05-11,2025-12-20
2018-0138-IND,No,Natural,Meteorological,Storm,Lightning/Thunderstorms,,IND,India,Kolkata,"[{""adm2_code"":70292,""adm2_name"":""Kolkata""}]",2018,4,17,2018,4,17,18,50,22000,,22050,100000,128210,,Kph,,,2018-05-11,2025-12-20
2018-0199-IND,No,Natural,Meteorological,Storm,Lightning/Thunderstorms,,IND,India,"Uttar Pradesh, Kerala, Maharashtra, Mizoram, Rajasthan","[{""adm1_code"":1495,""adm1_name"":""Kerala""},{""adm1_code"":1498,""adm1_name"":""Maharashtra""},{""adm1_code"":1502,""adm1_name"":""Mizoram""},{""adm1_code"":1506,""adm1_name"":""Rajasthan""},{""adm1_code"":70081,""adm1_name"":""Uttar Pradesh""}]",2018,6,1,2018,6,6,42,,,,,,,100,Kph,,,2018-07-19,2025-12-20
2018-0202-IND,No,Natural,Meteorological,Storm,Storm (General),,IND,India,"Uttar Pradesh, West Bengal, Assam, Tripura, Manipur, Mizoram","[{""adm1_code"":1487,""adm1_name"":""Assam""},{""adm1_code"":1500,""adm1_name"":""Manipur""},{""adm1_code"":1502,""adm1_name"":""Mizoram""},{""adm1_code"":1509,""adm1_name"":""Tripura""},{""adm1_code"":1511,""adm1_name"":""West Bengal""},{""adm1_code"":70081,""adm1_name"":""Uttar Pradesh""}]",2018,6,8,2018,6,12,61,,,,,50000,64105,,Kph,,,2018-07-19,2025-12-20
2018-0205-IND,No,Natural,Hydrological,Flood,Flood (General),,IND,India,"Assam, Maharashtra, Gujarat","[{""adm1_code"":1487,""adm1_name"":""Assam""},{""adm1_code"":1491,""adm1_name"":""Gujarat""},{""adm1_code"":1498,""adm1_name"":""Maharashtra""}]",2018,6,22,2018,7,3,52,,,,,,,,Km2,,,2018-07-19,2025-12-20
2018-0213-IND,No,Natural,Hydrological,Flood,Flash flood,,IND,India,Tripura state,"[{""adm1_code"":1509,""adm1_name"":""Tripura""}]",2018,5,17,2018,5,20,15,24,11704,,11728,10000,12821,,Km2,,,2018-07-20,2025-12-20
2018-0295-IND,No,Natural,Hydrological,Flood,Flash flood,,IND,India,"Thrissur, Chengannur (Kerala state); West Bengal, Odisha, Assam, Nagaland, Uttar Pradesh, Himachal Pradesh, Maharashtra states","[{""adm1_code"":1487,""adm1_name"":""Assam""},{""adm1_code"":1493,""adm1_name"":""Himachal Pradesh""},{""adm1_code"":1498,""adm1_name"":""Maharashtra""},{""adm1_code"":1503,""adm1_name"":""Nagaland""},{""adm1_code"":1504,""adm1_name"":""Orissa""},{""adm1_code"":1511,""adm1_name"":""West Bengal""},{""adm1_code"":70081,""adm1_name"":""Uttar Pradesh""},{""adm2_code"":17708,""adm2_name"":""Thrissur""},{""adm2_code"":70298,""adm2_name"":""Alappuzha""}]",2018,8,7,2018,8,20,504,,23000000,220000,23220000,2852480,3657154,,Km2,,,2018-08-13,2025-12-20
2018-0431-IND,No,Natural,Meteorological,Storm,Tropical cyclone,Cyclone 'Gaja',IND,India,"Tamil Nadu, Nagapattinam, Tiruvarur, Thanjavur, Pudukottai, Dindigul and Ramnad, Chennai, Sivaganga, Theni, Madurai districts","[{""adm2_code"":17876,""adm2_name"":""Pudukkottai""},{""adm2_code"":17877,""adm2_name"":""Dindigul""},{""adm2_code"":17878,""adm2_name"":""Ramanathapuram""},{""adm2_code"":17881,""adm2_name"":""Thanjavur""},{""adm2_code"":17882,""adm2_name"":""Sivaganga""},{""adm2_code"":70242,""adm2_name"":""Chennai""},{""adm2_code"":70246,""adm2_name"":""Madurai""},{""adm2_code"":70247,""adm2_name"":""Nagapattinam""},{""adm2_code"":70250,""adm2_name"":""Theni""},{""adm2_code"":70251,""adm2_name"":""Thiruvallur""},{""adm2_code"":70253,""adm2_name"":""Tiruvannamalai""}]",2018,11,16,2018,11,16,45,,500000,,500000,775000,993625,120,Kph,,,2018-11-27,2025-12-20
2019-0288-IND,No,Natural,Hydrological,Flood,Flood (General),,IND,India,"Mumbai, Pune, Ratnagiri Districts (Maharashtra State)","[{""adm2_code"":17776,""adm2_name"":""Pune""},{""adm2_code"":17778,""adm2_name"":""Ratnagiri""},{""adm2_code"":70184,""adm2_name"":""Mumbai city""}]",2019,6,28,2019,7,4,52,60,,,60,,,,Km2,,,2019-07-05,2025-12-20
2019-0499-IND,No,Natural,Hydrological,Flood,Flood (General),,IND,India,"Belagavi, Gadag, Koppal districts (Karnataka); Kerala, Tamil Nadu states","[{""adm1_code"":1495,""adm1_name"":""Kerala""},{""adm1_code"":1508,""adm1_name"":""Tamil Nadu""},{""adm2_code"":17679,""adm2_name"":""Belgaum""},{""adm2_code"":70163,""adm2_name"":""Gadag""},{""adm2_code"":70165,""adm2_name"":""Koppal""}]",2019,10,19,2019,10,23,12,,27500,,27500,,,,Km2,,,2019-10-24,2025-12-20
2019-0574-IND,No,Natural,Hydrological,Flood,Flood (General),,IND,India,"Coimbatore, Cuddalore, Nagapattinam, Thoothukkudi Districts (Tamil Nadu); Pudducherry","[{""adm1_code"":70080,""adm1_name"":""Puducherry""},{""adm2_code"":17866,""adm2_name"":""Thoothukudi""},{""adm2_code"":17867,""adm2_name"":""Coimbatore""},{""adm2_code"":70243,""adm2_name"":""Cuddalore""},{""adm2_code"":70247,""adm2_name"":""Nagapattinam""}]",2019,11,29,2019,12,4,27,,25000,,25000,,,,Km2,,,2019-12-04,2025-12-20
2020-0057-IND,No,Natural,Meteorological,Storm,Blizzard/Winter storm,,IND,India,Jammu & Kashmir state,"[{""adm1_code"":40408,""adm1_name"":""Administrative unit not available""},{""adm1_code"":40409,""adm1_name"":""Administrative unit not available""},{""adm1_code"":40422,""adm1_name"":""Administrative unit not available""},{""adm1_code"":40423,""adm1_name"":""Administrative unit not available""},{""adm1_code"":40424,""adm1_name"":""Administrative unit not available""},{""adm1_code"":40425,""adm1_name"":""Administrative unit not available""},{""adm1_code"":40426,""adm1_name"":""Administrative unit not available""},{""adm1_code"":40427,""adm1_name"":""Administrative unit not available""},{""adm1_code"":40428,""adm1_name"":""Administrative unit not available""},{""adm1_code"":40429,""adm1_name"":""Administrative unit not available""},{""adm1_code"":40430,""adm1_name"":""Administrative unit not available""},{""adm1_code"":40431,""adm1_name"":""Administrative unit not available""}]",2020,1,11,2020,1,14,11,,,,,,,,Kph,,,2020-02-12,2025-12-20
2020-0198-IND,No,Natural,Hydrological,Flood,Flood (General),,IND,India,Uttar Pradesh State,"[{""adm1_code"":70081,""adm1_name"":""Uttar Pradesh""}]",2020,5,10,2020,5,13,29,,,,,10000,12439,,Km2,,,2020-05-13,2025-12-20
2020-0211-IND,No,Natural,Meteorological,Storm,Tropical cyclone,Cyclone 'Amphan',IND,India,"Balasore (Baleshwar) , Bhadrak, Kendrapada and Jagatsinghpur (Odisha); East Midunapur, West Midhunapur, North24 Parganas, South24 Parganas, Nadia, Howrah, Kolkata and Hoogli (West Bengal)","[{""adm2_code"":70207,""adm2_name"":""Baleshwar""},{""adm2_code"":70209,""adm2_name"":""Bhadrak""},{""adm2_code"":70214,""adm2_name"":""Jagatsinghpur""},{""adm2_code"":70218,""adm2_name"":""Kendrapara""},{""adm2_code"":17949,""adm2_name"":""Haora""},{""adm2_code"":17950,""adm2_name"":""Hugli""},{""adm2_code"":17956,""adm2_name"":""Nadia""},{""adm2_code"":70291,""adm2_name"":""East Midnapore""},{""adm2_code"":70292,""adm2_name"":""Kolkata""},{""adm2_code"":70293,""adm2_name"":""North 24 Parganas""},{""adm2_code"":70294,""adm2_name"":""South 24 Parganas""},{""adm2_code"":70296,""adm2_name"":""West Midnapore""}]",2020,5,20,2020,5,20,90,,18000000,,18000000,13500000,16793053,185,Kph,,,2020-05-27,2025-12-20
2020-0217-IND,No,Natural,Meteorological,Storm,Tropical cyclone,Cyclone 'Nisarga',IND,India,"Raigad, Pune Districts (Maharashtra State)","[{""adm2_code"":17776,""adm2_name"":""Pune""},{""adm2_code"":17777,""adm2_name"":""Raigarh""}]",2020,6,3,2020,6,3,6,,7500,,7500,820000,1020023,120,Kph,,,2020-06-05,2025-12-20
2020-0220-IND,No,Natural,Hydrological,Mass movement (wet),Landslide (wet),,IND,India,"Barak Valley Region (southern Assam State, north-east India); Hailakandi ; Cachar; Karimganj Districts","[{""adm2_code"":17577,""adm2_name"":""Cachar""},{""adm2_code"":17585,""adm2_name"":""Karimganj""},{""adm2_code"":70088,""adm2_name"":""Hailakandi""}]",2020,5,27,2020,6,2,21,,155850,,155850,,,,,,,2020-06-05,2025-12-20
2020-0304-IND,No,Natural,Hydrological,Flood,Flood (General),,IND,India,"Assam, Bihar, Gujarat, Chhattisgarh, Kerala, Karnataka, Madhya Pradesh, Odisha, Uttar Pradesh, West Bengal, Arunachal Pradesh, Maharashtraa.","[{""adm1_code"":1487,""adm1_name"":""Assam""},{""adm1_code"":1491,""adm1_name"":""Gujarat""},{""adm1_code"":1494,""adm1_name"":""Karnataka""},{""adm1_code"":1495,""adm1_name"":""Kerala""},{""adm1_code"":1498,""adm1_name"":""Maharashtra""},{""adm1_code"":1504,""adm1_name"":""Orissa""},{""adm1_code"":1511,""adm1_name"":""West Bengal""},{""adm1_code"":70072,""adm1_name"":""Arunachal Pradesh""},{""adm1_code"":70073,""adm1_name"":""Bihar""},{""adm1_code"":70075,""adm1_name"":""Chhattisgarh""},{""adm1_code"":70079,""adm1_name"":""Madhya Pradesh""},{""adm1_code"":70081,""adm1_name"":""Uttar Pradesh""}]",2020,6,,2020,8,16,1922,,1300000,,1300000,7500000,9329474,,Km2,,,2020-08-04,2025-12-20
2020-0524-IND,No,Natural,Meteorological,Storm,Tropical cyclone,Cyclone Nivar,IND,India,Tamil Nadu and Puducherry,"[{""adm1_code"":1508,""adm1_name"":""Tamil Nadu""},{""adm1_code"":70080,""adm1_name"":""Puducherry""}]",2020,11,25,2020,11,26,14,,,,,600000,746358,,Kph,,,2020-12-01,2025-12-20
2021-0225-IND,No,Natural,Geophysical,Earthquake,Ground movement,,IND,India,"Kamrup and Nagaon (Sonitpur District, northern Assam State)","[{""adm2_code"":17593,""adm2_name"":""Sonitpur""}]",2021,4,28,2021,4,28,2,10,3000,,3010,,,6.4,Moment Magnitude,26.781,92.457,2021-04-29,2025-12-20
2021-0316-IND,No,Natural,Hydrological,Flood,Flood (General),,IND,India,"Bihar, Uttar Pradesh, Gujarat, Kerala, Karnataka, Uttarakhand, Maharashtra, Chhattisgarh, West Bengal, and Tripura states","[{""adm1_code"":1491,""adm1_name"":""Gujarat""},{""adm1_code"":1494,""adm1_name"":""Karnataka""},{""adm1_code"":1495,""adm1_name"":""Kerala""},{""adm1_code"":1498,""adm1_name"":""Maharashtra""},{""adm1_code"":1509,""adm1_name"":""Tripura""},{""adm1_code"":1511,""adm1_name"":""West Bengal""},{""adm1_code"":70073,""adm1_name"":""Bihar""},{""adm1_code"":70075,""adm1_name"":""Chhattisgarh""},{""adm1_code"":70081,""adm1_name"":""Uttar Pradesh""},{""adm1_code"":70082,""adm1_name"":""Uttarakhand""}]",2021,6,1,2021,6,30,59,,1000,,1000,100000,118811,,Km2,,,2021-06-22,2025-12-20
2021-0585-IND,No,Natural,Hydrological,Flood,Flood (General),,IND,India,"Rajkot, Jamnagar, Porbandar, Valsad, Junagadh districts (Gujarat state)","[{""adm2_code"":17641,""adm2_name"":""Jamnagar""},{""adm2_code"":17642,""adm2_name"":""Junagadh""},{""adm2_code"":17647,""adm2_name"":""Rajkot""},{""adm2_code"":17653,""adm2_name"":""Valsad""},{""adm2_code"":70130,""adm2_name"":""Porbandar""}]",2021,9,13,2021,9,15,7,,850000,,850000,,,,Km2,,,2021-09-15,2025-12-20
2021-0645-IND,No,Natural,Meteorological,Storm,Tropical cyclone,Cyclone 'Shaheen',IND,India,"Koraput and Malkangiri (Odisha); Srikakulam, Vizianagaram, Visakhapatnam districts (Andhra Pradesh); Telengana, Maharashtra, Gujarta","[{""adm1_code"":1491,""adm1_name"":""Gujarat""},{""adm1_code"":1498,""adm1_name"":""Maharashtra""},{""adm2_code"":17547,""adm2_name"":""Adilabad""},{""adm2_code"":17553,""adm2_name"":""Hyderabad""},{""adm2_code"":17554,""adm2_name"":""Karimnagar""},{""adm2_code"":17558,""adm2_name"":""Mahbubnagar""},{""adm2_code"":17559,""adm2_name"":""Medak""},{""adm2_code"":17560,""adm2_name"":""Nalgonda""},{""adm2_code"":17562,""adm2_name"":""Nizamabad""},{""adm2_code"":17564,""adm2_name"":""Rangareddi""},{""adm2_code"":17565,""adm2_name"":""Srikakulam""},{""adm2_code"":17566,""adm2_name"":""Vishakhapatnam""},{""adm2_code"":17567,""adm2_name"":""Vizianagaram""},{""adm2_code"":17568,""adm2_name"":""Warangal""},{""adm2_code"":17814,""adm2_name"":""Koraput""},{""adm2_code"":70220,""adm2_name"":""Malkangiri""}]",2021,10,3,2021,10,3,7,,179000,,179000,,,,Kph,,,2021-11-05,2025-12-20
2021-0722-IND,No,Natural,Hydrological,Flood,Flood (General),,IND,India,Tamil Nadu,"[{""adm1_code"":1508,""adm1_name"":""Tamil Nadu""}]",2021,11,6,2021,11,8,14,,11000,,11000,,,,Km2,,,2021-11-08,2025-12-20
2021-0748-IND,No,Natural,Hydrological,Flood,Flood (General),,IND,India,"Chittoor, Kadapa, Anantapur, Nellore districts (Andhra Pradesh)","[{""adm2_code"":17548,""adm2_name"":""Anantapur""},{""adm2_code"":17549,""adm2_name"":""Chittoor""},{""adm2_code"":17550,""adm2_name"":""Cuddapah""},{""adm2_code"":17561,""adm2_name"":""Nellore""}]",2021,11,18,2021,11,19,62,,74500,,74500,,,,Km2,,,2021-11-23,2025-12-20
2022-0395-IND,No,Natural,Hydrological,Mass movement (wet),Landslide (wet),,IND,India,"Tapul village (Noney District, Manipur State); Mumbai","[{""adm1_code"":1500,""adm1_name"":""Manipur""},{""adm2_code"":70184,""adm2_name"":""Mumbai city""}]",2022,6,30,2022,7,6,67,,,,,,,,,,,2022-07-05,2025-12-20
2020-0332-IND,No,Natural,Hydrological,Mass movement (wet),Landslide (wet),,IND,India,Idukki district (Kerala state),"[{""adm2_code"":17700,""adm2_name"":""Idukki""}]",2020,8,7,2020,8,7,70,,,,,,,,,,,2020-08-12,2025-12-20
2020-0446-IND,No,Natural,Hydrological,Flood,Flood (General),,IND,India,"Hyderabad, Telangana, Andhra Pradesh, Karnataka, South Odisha states","[{""adm1_code"":1485,""adm1_name"":""Andhra Pradesh""},{""adm1_code"":1494,""adm1_name"":""Karnataka""},{""adm2_code"":17811,""adm2_name"":""Ganjam""},{""adm2_code"":17812,""adm2_name"":""Kalahandi""},{""adm2_code"":17814,""adm2_name"":""Koraput""},{""adm2_code"":70211,""adm2_name"":""Boudh""},{""adm2_code"":70213,""adm2_name"":""Gajapati""},{""adm2_code"":70217,""adm2_name"":""Kandhamal""},{""adm2_code"":70220,""adm2_name"":""Malkangiri""},{""adm2_code"":70221,""adm2_name"":""Nabarangpur""},{""adm2_code"":70223,""adm2_name"":""Nuapada""},{""adm2_code"":70224,""adm2_name"":""Rayagada""}]",2020,10,1,2020,10,26,152,,150000,,150000,4000000,4975720,,Km2,,,2020-10-16,2025-12-20
2021-0366-IND,No,Natural,Hydrological,Flood,Flood (General),,IND,India,"Bongaigaon, Dhemaji and Dibrugarh districts (Assam state)","[{""adm2_code"":17580,""adm2_name"":""Dibrugarh""},{""adm2_code"":70086,""adm2_name"":""Bongaigaon""},{""adm2_code"":70087,""adm2_name"":""Dhemaji""}]",2021,7,1,2021,7,1,,,7587,,7587,,,,Km2,,,2021-07-01,2025-12-20
2021-0458-IND,No,Natural,Hydrological,Flood,Flash flood,,IND,India,"Himachal Pradesh, Union Territories of Jammu and Kashmir and Ladakh","[{""adm1_code"":1493,""adm1_name"":""Himachal Pradesh""},{""adm1_code"":40422,""adm1_name"":""Administrative unit not available""},{""adm1_code"":40423,""adm1_name"":""Administrative unit not available""}]",2021,7,28,2021,7,29,37,17,105,,122,,,,Km2,,,2021-07-29,2025-12-20
2021-0681-IND,No,Natural,Hydrological,Flood,Flood (General),,IND,India,Nainital (Uttarakhand state),"[{""adm2_code"":70285,""adm2_name"":""Naini Tal""}]",2021,10,18,2021,10,19,57,17,1385,,1402,,,,Km2,,,2021-10-21,2025-12-20
2022-0248-IND,No,Natural,Meteorological,Extreme temperature,Heat wave,,IND,India,"Maharashtra State, West Rajasthan",,2022,3,,2022,4,,25,,,,,,,45,°C,,,2022-04-29,2025-03-18
2024-0561-IND,No,Natural,Hydrological,Flood,Flood (General),,IND,India,"Mandi, Kullu, Shimla districts (Himachal Pradesh)",,2024,7,31,2024,8,23,46,,,,,,,,Km2,,,2024-08-01,2025-03-18
2022-0539-IND,No,Natural,Hydrological,Flood,Flood (General),,IND,India,"Himachal Pradesh, Uttarakhand and Jharkhand States","[{""adm1_code"":1493,""adm1_name"":""Himachal Pradesh""},{""adm1_code"":70078,""adm1_name"":""Jharkhand""},{""adm1_code"":70082,""adm1_name"":""Uttarakhand""}]",2022,8,,2022,8,22,63,,800000,,800000,,,,Km2,,,2022-08-22,2025-12-20
2023-0331-IND,No,Natural,Meteorological,Storm,Tropical cyclone,Cyclone 'Biparjoy',IND,India,"Barmer, Jalore, Sirohi, Pali, and Rajmasand (Rajasthan); Gujarat","[{""adm2_code"":17837,""adm2_name"":""Barmer""},{""adm2_code"":17849,""adm2_name"":""Jalor""},{""adm2_code"":17855,""adm2_name"":""Pali""},{""adm2_code"":17858,""adm2_name"":""Sirohi""},{""adm2_code"":70240,""adm2_name"":""Rajsamand""}]",2023,6,19,2023,6,21,7,,10000,,10000,,,125,Kph,,,2023-06-26,2025-12-20
2024-0290-IND,No,Natural,Meteorological,Storm,Severe weather,,IND,India,Bombay,,2024,5,13,2024,5,13,16,75,,,75,,,,Kph,,,2024-05-14,2025-01-28
2024-0246-IND,No,Natural,Meteorological,Extreme temperature,Heat wave,,IND,India,"New Delhi; Rajasthan, Bihar, Gujarat, West Rajasthan, Punjab, Haryana, Chandigarh",,2024,3,,2024,6,,733,25000,,,25000,,,50.5,°C,,,2024-06-06,2025-03-18
2024-0320-IND,No,Natural,Meteorological,Storm,Tropical cyclone,Cyclone 'Remal',IND,India,"Aizawl (Mizoram state); Bengal, Assam, Nagaland, Meghalaya states; West Bengal, Telangana",,2024,5,26,2024,5,30,51,500,2109143,,2109643,,,,Kph,,,2024-06-06,2024-06-14
2024-0481-IND,No,Natural,Hydrological,Flood,Flood (General),,IND,India,"Pratapgarh, Sultanpur, Chandauli, Mainpuri, Prayagraj, Auraiya, Deoria, Hathras, Varanasi and Siddharthnagar districts (Uttar Pradesh); Assam",,2024,7,9,2024,7,15,125,20,1000000,,1000020,,,,Km2,,,2024-07-15,2024-07-23
2024-0624-IND,No,Natural,Hydrological,Flood,Flash flood,,IND,India,Tripura state,,2024,8,19,2024,8,23,26,,1700000,,1700000,,,,Km2,,,2024-08-23,2026-03-12
2024-0627-IND,No,Natural,Hydrological,Mass movement (wet),Landslide (wet),,IND,India,"Dipu Dara village (Singtam municipality, Gangtok district, Sikkim state)",,2024,8,22,2024,8,22,10,,90,,90,,,,,,,2024-08-22,2024-08-23
2024-0647-IND,No,Natural,Hydrological,Flood,Flood (General),,IND,India,"Gujarat, Maharashtra, Tripura States",,2024,8,26,2024,8,27,25,23,8007150,,8007173,,,,Km2,,,2024-08-29,2024-10-22
2025-0246-IND,No,Natural,Meteorological,Storm,Severe weather,,IND,India,"Bihar state; Firozabad, Siddharth Nagar, and Sitapur (Uttar Pradesh state)",,2025,4,4,2025,4,12,102,,,,,,,,Kph,,,2025-04-14,2026-02-25
2025-0451-IND,No,Natural,Meteorological,Storm,Severe weather,,IND,India,"Rajasthan, Madhya Pradesh, Gujarat, Odisha, Uttarakhand",,2025,6,20,2025,6,26,27,1,33583,,33584,,,,Kph,,,2025-07-03,2025-07-14
2025-0751-IND,No,Natural,Hydrological,Flood,Flood (General),,IND,India,Punjab state,,2025,8,15,2025,9,19,52,,400000,,400000,,,,Km2,,,2025-09-01,2025-09-26
2025-0859-IND,No,Natural,Hydrological,Flood,Flood (General),,IND,India,Darjeeling (West Bengal); Bihar states,,2025,10,3,2025,10,7,32,13,,2500,2513,2200,2200,,Km2,,,2025-10-07,2025-10-20
2025-0922-IND,No,Natural,Meteorological,Storm,Tropical cyclone,Tropical storm 'Montha',IND,India,"Konaseema district (Andhra Pradesh); Odisha, and Telangana states",,2025,10,28,2025,10,30,8,,1800000,,1800000,600000,600000,110,Kph,,,2025-10-29,2026-02-04
1998-0061-IND,Yes,Natural,Hydrological,Mass movement (wet),Landslide (wet),,IND,India,Himachal Pradesh,,1998,3,5,1998,3,5,26,,,,,,,,,,,2003-07-01,2023-09-25
1998-0313-IND,Yes,Natural,Meteorological,Storm,Tropical cyclone,,IND,India,Bombay (city) Level 1 = Maharashtra,,1998,10,18,1998,10,18,250,,,,,,,,Kph,,,2003-07-01,2023-09-25
1998-0379-IND,Yes,Natural,Meteorological,Storm,Storm (General),,IND,India,"West Begala, Midnapur dis.- Level 1 = Uttar Pradesh",,1998,11,22,1998,11,22,100,,20000,,20000,,,170,Kph,,,2003-07-01,2023-09-25
1998-0392-IND,Yes,Natural,Hydrological,Flood,Flood (General),,IND,India,"Assam, Arunachal, Bihar, Kerala, Meghalaya, Punjab, Sikkim, Uttar Pradesh, West Bengal states",,1998,8,,1998,8,,1811,,29227200,,29227200,,,67610,Km2,,,2007-05-06,2023-09-25
1998-0449-IND,Yes,Natural,Hydrological,Flood,Flash flood,,IND,India,"Gujarat, Maharashtra states",,1998,9,16,1998,9,18,90,,50000,,50000,,,,Km2,,,2005-10-27,2023-09-25
1999-0099-IND,Yes,Natural,Geophysical,Earthquake,Ground movement,,IND,India,"Chamoli, Rudraprayag, Bageshwar (new district), Tehri Garhwal, Pauri Garhwal district",,1999,3,28,1999,3,28,100,394,372000,105500,477894,2000,3865,6.6,Moment Magnitude,30.512,79.403,2004-11-09,2023-09-25
1999-0121-IND,Yes,Natural,Climatological,Wildfire,Forest fire,,IND,India,"Garhwal & Kumaon (districts of Nainital, Almora and Pithoragarh) Level 1 = Uttar Pradesh",,1999,4,,1999,4,,6,,,,,,,349,Km2,,,2003-07-01,2023-09-25
1999-0401-IND,Yes,Natural,Meteorological,Storm,Tropical cyclone,,IND,India,"Orissa, Ganjam, Puri, Khurda, Gajapathi",,1999,10,18,1999,10,18,84,1000,500000,700000,1201000,470000,908379,200,Kph,,,2003-07-01,2023-09-25
2000-0738-IND,No,Natural,Hydrological,Flood,Flood (General),,IND,India,North 24 Parganas district (West Bengal province),"[{""adm2_code"":70293,""adm2_name"":""North 24 Parganas""}]",2000,10,19,2000,10,19,6,,534035,,534035,,,309,Km2,,,2003-07-01,2025-12-20
2001-0243-IND,No,Natural,Hydrological,Flood,Riverine flood,,IND,India,"Silchar city (Cachar district, Assam province), Patharkandi village (Karimganj district, Assam province), West Tripura district (Tripura province)","[{""adm2_code"":17577,""adm2_name"":""Cachar""},{""adm2_code"":17585,""adm2_name"":""Karimganj""},{""adm2_code"":17887,""adm2_name"":""West Tripura""}]",2001,6,5,2001,6,22,5,,700000,,700000,,,,Km2,,,2005-09-19,2025-12-20
2001-0337-IND,No,Natural,Meteorological,Storm,Lightning/Thunderstorms,,IND,India,Uttar Pradesh province,"[{""adm1_code"":70081,""adm1_name"":""Uttar Pradesh""}]",2001,5,24,2001,5,24,21,,,,,,,,Kph,,,2003-07-01,2025-12-20
2001-0465-IND,No,Natural,Hydrological,Flood,Riverine flood,,IND,India,"Aurangabad, Bhojpur, Gopalganj, Jehanabad, Muzaffarpur, Nalanda, Pashchim Champaran, Patna, Purba Champaran, Rohtas, Saran, Sitamarhi, Siwan, Vaishali districts (Bihar province)","[{""adm2_code"":17594,""adm2_name"":""Aurangabad""},{""adm2_code"":17604,""adm2_name"":""Gopalganj""},{""adm2_code"":17607,""adm2_name"":""Jehanabad""},{""adm2_code"":17613,""adm2_name"":""Muzaffarpur""},{""adm2_code"":17615,""adm2_name"":""Nalanda""},{""adm2_code"":17618,""adm2_name"":""Pashchim Champaran""},{""adm2_code"":17619,""adm2_name"":""Patna""},{""adm2_code"":17620,""adm2_name"":""Purba Champaran""},{""adm2_code"":17623,""adm2_name"":""Rohtas""},{""adm2_code"":17628,""adm2_name"":""Saran""},{""adm2_code"":17630,""adm2_name"":""Sitamarhi""},{""adm2_code"":17631,""adm2_name"":""Siwan""},{""adm2_code"":17632,""adm2_name"":""Vaishali""},{""adm2_code"":70097,""adm2_name"":""Bhojpur""}]",2001,8,,2001,8,,,,400000,,400000,,,,Km2,,,2003-07-01,2025-12-20
2001-0502-IND,No,Natural,Hydrological,Flood,Flood (General),,IND,India,Delhi province,"[{""adm1_code"":1489,""adm1_name"":""Delhi""}]",2001,8,,2001,8,,10,36,,,36,,,,Km2,,,2003-07-01,2025-12-20
2001-0527-IND,No,Natural,Hydrological,Flood,Flash flood,,IND,India,"Saran, Gopalganj, Purba Champaran, Madhubani districts (Bihar province), Uttar Pradesh province","[{""adm1_code"":70081,""adm1_name"":""Uttar Pradesh""},{""adm2_code"":17604,""adm2_name"":""Gopalganj""},{""adm2_code"":17611,""adm2_name"":""Madhubani""},{""adm2_code"":17620,""adm2_name"":""Purba Champaran""},{""adm2_code"":17628,""adm2_name"":""Saran""}]",2001,9,,2001,9,,48,,2800000,,2800000,26000,47273,,Km2,,,2003-07-01,2025-12-20
2001-0618-IND,No,Natural,Hydrological,Mass movement (wet),Landslide (wet),,IND,India,"Amboori village (Thiruvananthapuram district, Kerala province)","[{""adm2_code"":17709,""adm2_name"":""Thiruvananthapuram""}]",2001,11,9,2001,11,9,55,,,,,,,,,,,2003-07-01,2025-12-20
2002-0308-IND,No,Natural,Meteorological,Storm,Lightning/Thunderstorms,,IND,India,"Gobalpur area (Hugli district, West Bengal), Kolkata, Jalpaiguri, Darjiling districts (West Bengal province)","[{""adm2_code"":17948,""adm2_name"":""Darjiling""},{""adm2_code"":17950,""adm2_name"":""Hugli""},{""adm2_code"":17951,""adm2_name"":""Jalpaiguri""},{""adm2_code"":70292,""adm2_name"":""Kolkata""}]",2002,4,27,2002,4,27,11,,,,,,,80,Kph,,,2003-07-01,2025-12-20
2002-0539-IND,No,Natural,Hydrological,Flood,Riverine flood,,IND,India,Balaghat district (Madhya Pradesh province),"[{""adm2_code"":17712,""adm2_name"":""Balaghat""}]",2002,8,20,2002,8,20,100,,3000,,3000,,,,Km2,,,2003-07-01,2025-12-20
2002-0650-IND,No,Natural,Hydrological,Flood,Riverine flood,,IND,India,"Kannur, Kasaragod, Kozhikode, Malappuram, Thiruvananthapuram districts (Kerala province)","[{""adm2_code"":17698,""adm2_name"":""Kannur""},{""adm2_code"":17701,""adm2_name"":""Kasaragod""},{""adm2_code"":17703,""adm2_name"":""Kozhikode""},{""adm2_code"":17704,""adm2_name"":""Malappuram""},{""adm2_code"":17709,""adm2_name"":""Thiruvananthapuram""}]",2002,10,10,2002,10,16,11,,,,,,,9750,Km2,,,2005-09-26,2025-12-20
2003-0182-IND,No,Natural,Meteorological,Storm,Tropical cyclone,,IND,India,"Chirakhawa, Chirakhawa Topopara, Peepulbari part 1, Peepulbari part 2, Bhurakata, Baliabeel, Bengerbhita, Baushkata areas (Dhuburi district, Assam province)","[{""adm2_code"":17579,""adm2_name"":""Dhuburi""}]",2003,4,22,2003,4,22,45,4000,,600,4600,,,100,Kph,,,2004-03-10,2025-12-20
2003-0250-IND,No,Natural,Meteorological,Extreme temperature,Heat wave,,IND,India,"Andhra Pradesh, Orissa, Tamil Nadu, Vidarbha (=part of Maharashtra), Chhattisgarh, Jharkland, Uttar Pradesh, Rajasthan, Madhya Pradesh, Bihar provinces","[{""adm1_code"":1485,""adm1_name"":""Andhra Pradesh""},{""adm1_code"":1498,""adm1_name"":""Maharashtra""},{""adm1_code"":1504,""adm1_name"":""Orissa""},{""adm1_code"":1506,""adm1_name"":""Rajasthan""},{""adm1_code"":1508,""adm1_name"":""Tamil Nadu""},{""adm1_code"":70073,""adm1_name"":""Bihar""},{""adm1_code"":70075,""adm1_name"":""Chhattisgarh""},{""adm1_code"":70078,""adm1_name"":""Jharkhand""},{""adm1_code"":70079,""adm1_name"":""Madhya Pradesh""},{""adm1_code"":70081,""adm1_name"":""Uttar Pradesh""}]",2003,5,14,2003,6,6,1210,,,,,400000,700035,49,°C,,,2006-03-08,2025-12-20
2003-0283-IND,No,Natural,Hydrological,Flood,Riverine flood,,IND,India,"Assam, Bihar, Tripura, West Bengal provinces","[{""adm1_code"":1487,""adm1_name"":""Assam""},{""adm1_code"":1509,""adm1_name"":""Tripura""},{""adm1_code"":1511,""adm1_name"":""West Bengal""},{""adm1_code"":70073,""adm1_name"":""Bihar""}]",2003,6,11,2003,10,10,142,,4550000,,4550000,,,,Km2,,,2005-04-13,2025-12-20
2003-0605-IND,No,Natural,Meteorological,Storm,Tropical cyclone,,IND,India,"Krishna, Guntur, West Godavari districts (Andhra Pradesh province)","[{""adm2_code"":17552,""adm2_name"":""Guntur""},{""adm2_code"":17556,""adm2_name"":""Krishna""},{""adm2_code"":17569,""adm2_name"":""West Godavari""}]",2003,12,17,2003,12,17,50,,,40000,40000,28000,49002,100,Kph,,,2004-03-02,2025-12-20
2004-0178-IND,No,Natural,Hydrological,Flood,Riverine flood,,IND,India,"Leimapokpam, Thiyam, Lourembam, Nambol Laitonjam villages (Bishnupur district, Manipur province), Na-Orem, Pukhrambam, Sanjenbam villages (West Imphal district, Manipur province), Oinam, Khangabok villages (Thoubal district, Manipur province)","[{""adm2_code"":70188,""adm2_name"":""Bishnupur""},{""adm2_code"":70194,""adm2_name"":""Thoubal""},{""adm2_code"":70196,""adm2_name"":""West Imphal""}]",2004,4,10,2004,4,14,,,,5000,5000,,,,Km2,,,2004-04-26,2025-12-20
2005-0290-IND,No,Natural,Meteorological,Storm,Storm (General),,IND,India,"Guntur, Krishna, Srikakulam, Karimnagar, Nalgonda districts (Andhra Pradesh province)","[{""adm2_code"":17552,""adm2_name"":""Guntur""},{""adm2_code"":17554,""adm2_name"":""Karimnagar""},{""adm2_code"":17556,""adm2_name"":""Krishna""},{""adm2_code"":17560,""adm2_name"":""Nalgonda""},{""adm2_code"":17565,""adm2_name"":""Srikakulam""}]",2005,5,1,2005,5,1,20,20,,,20,,,,Kph,,,2005-06-08,2025-12-20
2005-0291-IND,No,Natural,Meteorological,Storm,Storm (General),,IND,India,Kolkata district (West Bengal province),"[{""adm2_code"":70292,""adm2_name"":""Kolkata""}]",2005,5,4,2005,5,4,11,20,,,20,,,,Kph,,,2005-06-08,2025-12-20
2005-0361-IND,No,Natural,Hydrological,Flood,Riverine flood,,IND,India,"Sangla, Kalpa, Yangthang, Sumdo, Khab, Karcham, Leo, Akpa, Kharo villages (Kinnaur district, Himachal Pradesh province), Rampur Bushahr village (Shimla district, Himachal Pradesh province), Kullu, Bilaspur, Mandi districts (Himachal Pradesh)","[{""adm2_code"":17666,""adm2_name"":""Bilaspur""},{""adm2_code"":17670,""adm2_name"":""Kinnaur""},{""adm2_code"":17671,""adm2_name"":""Kullu""},{""adm2_code"":17673,""adm2_name"":""Mandi""},{""adm2_code"":17674,""adm2_name"":""Shimla""}]",2005,6,26,2005,6,29,6,,5000,,5000,23000,37916,6530,Km2,,,2005-09-14,2025-12-20
2005-0398-IND,No,Natural,Hydrological,Flood,Riverine flood,,IND,India,"Ashoknagar, Chhatarpur, Damoh, Jabalpur, Katni, Narsinghpur, Panna, Rewa, Sagar, Satna districts (Madhya Pradesh province)","[{""adm2_code"":17718,""adm2_name"":""Chhatarpur""},{""adm2_code"":17720,""adm2_name"":""Damoh""},{""adm2_code"":17730,""adm2_name"":""Jabalpur""},{""adm2_code"":17735,""adm2_name"":""Narsinghpur""},{""adm2_code"":17736,""adm2_name"":""Panna""},{""adm2_code"":17743,""adm2_name"":""Rewa""},{""adm2_code"":17744,""adm2_name"":""Sagar""},{""adm2_code"":17745,""adm2_name"":""Satna""},{""adm2_code"":70169,""adm2_name"":""Ashoknagar""},{""adm2_code"":70174,""adm2_name"":""Katni""}]",2005,7,2,2005,7,15,62,,49000,,49000,,,55740,Km2,,,2005-09-12,2025-12-20
2005-0399-IND,No,Natural,Hydrological,Flood,Riverine flood,,IND,India,"Adilabad, Hyderabad, Karimnagar, Khammam, Mahbubnagar, Medak, Nalgonda, Nizamabad, Rangareddi, Warangal, East Godavari, Guntur, Krishna, Nellore, Prakasam, Srikakulam, Vishakhapatnam, Vizianagaram, West Godavari districts (Andhra Pradesh province)","[{""adm2_code"":17547,""adm2_name"":""Adilabad""},{""adm2_code"":17551,""adm2_name"":""East Godavari""},{""adm2_code"":17552,""adm2_name"":""Guntur""},{""adm2_code"":17553,""adm2_name"":""Hyderabad""},{""adm2_code"":17554,""adm2_name"":""Karimnagar""},{""adm2_code"":17555,""adm2_name"":""Khammam""},{""adm2_code"":17556,""adm2_name"":""Krishna""},{""adm2_code"":17558,""adm2_name"":""Mahbubnagar""},{""adm2_code"":17559,""adm2_name"":""Medak""},{""adm2_code"":17560,""adm2_name"":""Nalgonda""},{""adm2_code"":17561,""adm2_name"":""Nellore""},{""adm2_code"":17562,""adm2_name"":""Nizamabad""},{""adm2_code"":17563,""adm2_name"":""Prakasam""},{""adm2_code"":17564,""adm2_name"":""Rangareddi""},{""adm2_code"":17565,""adm2_name"":""Srikakulam""},{""adm2_code"":17566,""adm2_name"":""Vishakhapatnam""},{""adm2_code"":17567,""adm2_name"":""Vizianagaram""},{""adm2_code"":17568,""adm2_name"":""Warangal""},{""adm2_code"":17569,""adm2_name"":""West Godavari""}]",2005,7,10,2005,7,10,12,,10000,,10000,,,,Km2,,,2005-08-04,2025-12-20
2005-0539-IND,No,Natural,Hydrological,Flood,Riverine flood,,IND,India,"Himachal Pradesh, Uttar Pradesh, Uttarakhand provinces","[{""adm1_code"":1493,""adm1_name"":""Himachal Pradesh""},{""adm1_code"":70081,""adm1_name"":""Uttar Pradesh""},{""adm1_code"":70082,""adm1_name"":""Uttarakhand""}]",2005,9,16,2005,9,19,23,4,,2500,2504,,,308700,Km2,,,2006-04-27,2025-12-20
2005-0575-IND,No,Natural,Geophysical,Earthquake,Ground movement,,IND,India,Administrative unit not available districts (Jammu and Kashmir province),"[{""adm2_code"":40410,""adm2_name"":""Administrative unit not available""},{""adm2_code"":40414,""adm2_name"":""Administrative unit not available""},{""adm2_code"":72802,""adm2_name"":""Administrative unit not available""},{""adm2_code"":72789,""adm2_name"":""Administrative unit not available""},{""adm2_code"":72810,""adm2_name"":""Administrative unit not available""}]",2005,10,8,2005,10,8,1309,6622,,150000,156622,1000000,1648524,7.6,Moment Magnitude,34.539,73.588,2014-03-26,2025-06-25
2005-0603-IND,No,Natural,Hydrological,Flood,Riverine flood,,IND,India,"Surat, Vadodara, Bhavnagar, Panch Mahals, Narmada districts (Gujarat province)","[{""adm2_code"":17639,""adm2_name"":""Bhavnagar""},{""adm2_code"":17649,""adm2_name"":""Surat""},{""adm2_code"":17652,""adm2_name"":""Vadodara""},{""adm2_code"":70126,""adm2_name"":""Narmada""},{""adm2_code"":70128,""adm2_name"":""Panch Mahals""}]",2005,9,22,2005,10,11,15,,,,,,,53200,Km2,,,2005-10-25,2025-12-20
2005-0677-IND,No,Natural,Hydrological,Flood,Riverine flood,,IND,India,Tamil Nadu province,"[{""adm1_code"":1508,""adm1_name"":""Tamil Nadu""}]",2005,12,2,2005,12,3,30,,200000,,200000,,,,Km2,,,2005-12-08,2025-12-20
2005-0701-IND,No,Natural,Meteorological,Extreme temperature,Severe winter conditions,,IND,India,"Uttar Pradesh, Punjab, Haryana, Himachal Pradesh, Delhi, Bihar, Rajasthan, Jammu and Kashmir provinces","[{""adm1_code"":1489,""adm1_name"":""Delhi""},{""adm1_code"":1492,""adm1_name"":""Haryana""},{""adm1_code"":1493,""adm1_name"":""Himachal Pradesh""},{""adm1_code"":1505,""adm1_name"":""Punjab""},{""adm1_code"":1506,""adm1_name"":""Rajasthan""},{""adm1_code"":40408,""adm1_name"":""Administrative unit not available""},{""adm1_code"":40409,""adm1_name"":""Administrative unit not available""},{""adm1_code"":40422,""adm1_name"":""Administrative unit not available""},{""adm1_code"":40423,""adm1_name"":""Administrative unit not available""},{""adm1_code"":40424,""adm1_name"":""Administrative unit not available""},{""adm1_code"":40425,""adm1_name"":""Administrative unit not available""},{""adm1_code"":40426,""adm1_name"":""Administrative unit not available""},{""adm1_code"":40427,""adm1_name"":""Administrative unit not available""},{""adm1_code"":40428,""adm1_name"":""Administrative unit not available""},{""adm1_code"":40429,""adm1_name"":""Administrative unit not available""},{""adm1_code"":40430,""adm1_name"":""Administrative unit not available""},{""adm1_code"":40431,""adm1_name"":""Administrative unit not available""},{""adm1_code"":70073,""adm1_name"":""Bihar""},{""adm1_code"":70081,""adm1_name"":""Uttar Pradesh""}]",2005,12,,2006,1,,180,,,,,,,2,°C,,,2007-01-17,2025-12-20
2005-0746-IND,No,Natural,Hydrological,Flood,Riverine flood,,IND,India,"Himachal Pradesh, Punjab, Jammu and Kashmir, Haryana provinces","[{""adm1_code"":1492,""adm1_name"":""Haryana""},{""adm1_code"":1493,""adm1_name"":""Himachal Pradesh""},{""adm1_code"":1505,""adm1_name"":""Punjab""},{""adm1_code"":40422,""adm1_name"":""Administrative unit not available""},{""adm1_code"":40423,""adm1_name"":""Administrative unit not available""},{""adm1_code"":40424,""adm1_name"":""Administrative unit not available""},{""adm1_code"":40425,""adm1_name"":""Administrative unit not available""},{""adm1_code"":40426,""adm1_name"":""Administrative unit not available""},{""adm1_code"":40427,""adm1_name"":""Administrative unit not available""},{""adm1_code"":40428,""adm1_name"":""Administrative unit not available""},{""adm1_code"":40429,""adm1_name"":""Administrative unit not available""},{""adm1_code"":40430,""adm1_name"":""Administrative unit not available""},{""adm1_code"":40431,""adm1_name"":""Administrative unit not available""}]",2005,7,5,2005,8,14,10,,2000,,2000,,,,Km2,,,2006-01-24,2025-12-20
2006-0237-IND,No,Natural,Meteorological,Extreme temperature,Heat wave,,IND,India,"Uttar Pradesh, Orissa, Punjab, Delhi provinces","[{""adm1_code"":1489,""adm1_name"":""Delhi""},{""adm1_code"":1504,""adm1_name"":""Orissa""},{""adm1_code"":1505,""adm1_name"":""Punjab""},{""adm1_code"":70081,""adm1_name"":""Uttar Pradesh""}]",2006,5,,2006,5,,47,,,,,,,,°C,,,2006-05-08,2025-12-20
2006-0263-IND,No,Natural,Hydrological,Flood,Riverine flood,,IND,India,Kerala province,"[{""adm1_code"":1495,""adm1_name"":""Kerala""}]",2006,5,25,2006,6,2,32,,10800,,10800,,,42690,Km2,10.54,76.05,2007-01-06,2025-12-20
2006-0265-IND,No,Natural,Hydrological,Flood,Riverine flood,,IND,India,"Maharashtra, Gujarat provinces","[{""adm1_code"":1491,""adm1_name"":""Gujarat""},{""adm1_code"":1498,""adm1_name"":""Maharashtra""}]",2006,5,31,2006,6,4,41,,,,,,,395400,Km2,18.73,75.23,2007-01-06,2025-12-20
2006-0601-IND,No,Natural,Hydrological,Flood,Riverine flood,,IND,India,"Tamil Nadu, Andhra Pradesh provinces","[{""adm1_code"":1485,""adm1_name"":""Andhra Pradesh""},{""adm1_code"":1508,""adm1_name"":""Tamil Nadu""}]",2006,10,26,2006,11,4,47,,225000,,225000,,,40090,Km2,14.13,79.93,2007-03-15,2025-12-20
2006-0740-IND,No,Natural,Meteorological,Storm,Lightning/Thunderstorms,,IND,India,"Uttar Pradesh, Gujarat provinces","[{""adm1_code"":1491,""adm1_name"":""Gujarat""},{""adm1_code"":70081,""adm1_name"":""Uttar Pradesh""}]",2006,5,2,2006,5,2,76,,,,,,,,Kph,,,2007-03-09,2025-12-20
2007-0225-IND,No,Natural,Hydrological,Flood,Riverine flood,,IND,India,"Lakhimpur, Dhemaji, Cachar, Karimganj, Hailakandi, Darrang, Dibrugarh districts (Assam province)","[{""adm2_code"":17577,""adm2_name"":""Cachar""},{""adm2_code"":17578,""adm2_name"":""Darrang""},{""adm2_code"":17580,""adm2_name"":""Dibrugarh""},{""adm2_code"":17585,""adm2_name"":""Karimganj""},{""adm2_code"":70087,""adm2_name"":""Dhemaji""},{""adm2_code"":70088,""adm2_name"":""Hailakandi""},{""adm2_code"":70091,""adm2_name"":""Lakhimpur""}]",2007,6,18,2007,6,26,15,,200000,,200000,,,74890,Km2,26.26,94.02,2007-07-13,2025-12-20
2007-0239-IND,No,Natural,Hydrological,Flood,Riverine flood,,IND,India,"Amravati, Mumbai City, Mumbai Suburban, Raigarh, Ratnagiri, Sindhudurg, Thane districts (Maharashtra province)","[{""adm2_code"":17759,""adm2_name"":""Amravati""},{""adm2_code"":17777,""adm2_name"":""Raigarh""},{""adm2_code"":17778,""adm2_name"":""Ratnagiri""},{""adm2_code"":17779,""adm2_name"":""Sindhudurg""},{""adm2_code"":17783,""adm2_name"":""Thane""},{""adm2_code"":70183,""adm2_name"":""Mumbai Suburban""},{""adm2_code"":70184,""adm2_name"":""Mumbai city""}]",2007,7,1,2007,7,6,62,,10000,,10000,,,106600,Km2,21.03,77.52,2007-07-11,2025-12-20
2007-0467-IND,No,Natural,Hydrological,Flood,Coastal flood,,IND,India,"Baleshwar, Kendrapara, Bhadrak, Jagatsinghpur, Jajpur, Mayurbhanj, Khordha, Cuttack, Puri, Kandhamal districts (Orissa province), Kolkata, South 24 Parganas, East Midnapore, West Midnapore, Hughli districts (West Bengal province)","[{""adm2_code"":17809,""adm2_name"":""Cuttack""},{""adm2_code"":17816,""adm2_name"":""Mayurbhanj""},{""adm2_code"":17818,""adm2_name"":""Puri""},{""adm2_code"":70207,""adm2_name"":""Baleshwar""},{""adm2_code"":70209,""adm2_name"":""Bhadrak""},{""adm2_code"":70214,""adm2_name"":""Jagatsinghpur""},{""adm2_code"":70215,""adm2_name"":""Jajpur""},{""adm2_code"":70217,""adm2_name"":""Kandhamal""},{""adm2_code"":70218,""adm2_name"":""Kendrapara""},{""adm2_code"":70219,""adm2_name"":""Khordha""},{""adm2_code"":17950,""adm2_name"":""Hugli""},{""adm2_code"":70291,""adm2_name"":""East Midnapore""},{""adm2_code"":70292,""adm2_name"":""Kolkata""},{""adm2_code"":70294,""adm2_name"":""South 24 Parganas""},{""adm2_code"":70296,""adm2_name"":""West Midnapore""}]",2007,9,22,2007,10,3,80,,7200000,,7200000,275000,426996,72010,Km2,20.91,86.4,2007-10-04,2025-12-20
2007-0596-IND,No,Natural,Hydrological,Flood,Riverine flood,,IND,India,"Cuttack, Puri, Khordha, Jajpur, Jagatsinghpur districts (Orissa province)","[{""adm2_code"":17809,""adm2_name"":""Cuttack""},{""adm2_code"":17818,""adm2_name"":""Puri""},{""adm2_code"":70214,""adm2_name"":""Jagatsinghpur""},{""adm2_code"":70215,""adm2_name"":""Jajpur""},{""adm2_code"":70219,""adm2_name"":""Khordha""}]",2007,8,3,2007,8,27,15,,500000,,500000,,,15360,Km2,20.45,86.2,2007-12-14,2025-12-20
2008-0616-IND,No,Natural,Meteorological,Extreme temperature,Cold wave,,IND,India,"Uttar Pradesh, Bihar, Haryana, Punjab, Himachal Pradesh, Uttarakhand, Jammu and Kashmir provinces","[{""adm1_code"":1492,""adm1_name"":""Haryana""},{""adm1_code"":1493,""adm1_name"":""Himachal Pradesh""},{""adm1_code"":1505,""adm1_name"":""Punjab""},{""adm1_code"":40408,""adm1_name"":""Administrative unit not available""},{""adm1_code"":40409,""adm1_name"":""Administrative unit not available""},{""adm1_code"":40422,""adm1_name"":""Administrative unit not available""},{""adm1_code"":40423,""adm1_name"":""Administrative unit not available""},{""adm1_code"":40424,""adm1_name"":""Administrative unit not available""},{""adm1_code"":40425,""adm1_name"":""Administrative unit not available""},{""adm1_code"":40426,""adm1_name"":""Administrative unit not available""},{""adm1_code"":40427,""adm1_name"":""Administrative unit not available""},{""adm1_code"":40428,""adm1_name"":""Administrative unit not available""},{""adm1_code"":40429,""adm1_name"":""Administrative unit not available""},{""adm1_code"":40430,""adm1_name"":""Administrative unit not available""},{""adm1_code"":40431,""adm1_name"":""Administrative unit not available""},{""adm1_code"":70073,""adm1_name"":""Bihar""},{""adm1_code"":70081,""adm1_name"":""Uttar Pradesh""},{""adm1_code"":70082,""adm1_name"":""Uttarakhand""}]",2008,12,,2009,1,,70,,,,,,,4,°C,,,2010-03-07,2025-12-20
2009-0204-IND,No,Natural,Meteorological,Storm,Tropical cyclone,"Cyclone ""Aila""",IND,India,"Sagar, Namkhana, Kakdwip, Pathar Pratima, Canning, Basanti, Mathurapur, Kultali villages (South 24 Parganas district, West Bengal province), Kolkata, North 24 Parganas, Haora, Hugli, Darjiling districts (West Bengal province)","[{""adm2_code"":17948,""adm2_name"":""Darjiling""},{""adm2_code"":17949,""adm2_name"":""Haora""},{""adm2_code"":17950,""adm2_name"":""Hugli""},{""adm2_code"":70292,""adm2_name"":""Kolkata""},{""adm2_code"":70293,""adm2_name"":""North 24 Parganas""},{""adm2_code"":70294,""adm2_name"":""South 24 Parganas""}]",2009,5,25,2009,5,25,96,,5100000,,5100000,,,110,Kph,,,2010-01-06,2025-12-20
2009-0240-IND,No,Natural,Meteorological,Storm,Lightning/Thunderstorms,,IND,India,"Bihar, Jharkhand provinces","[{""adm1_code"":70073,""adm1_name"":""Bihar""},{""adm1_code"":70078,""adm1_name"":""Jharkhand""}]",2009,6,28,2009,6,29,35,12,,,12,,,,Kph,,,2010-03-08,2025-12-20
2009-0383-IND,No,Natural,Hydrological,Mass movement (wet),Landslide (wet),,IND,India,"Lal, Bahadur, Shastri, Nagar slums (Mumbai Suburban district, Maharashtra province)","[{""adm2_code"":70183,""adm2_name"":""Mumbai Suburban""}]",2009,9,3,2009,9,3,10,,,,,,,,,,,2009-10-01,2025-12-20
2009-0443-IND,No,Natural,Hydrological,Flood,Riverine flood,,IND,India,Jainta Hills district (Meghalaya province),"[{""adm2_code"":17795,""adm2_name"":""Jaintia Hills""}]",2009,10,9,2009,10,9,20,,,,,,,,Km2,,,2009-10-16,2025-12-20
2009-0640-IND,No,Natural,Meteorological,Storm,Severe weather,,IND,India,Uttar Pradesh province,"[{""adm1_code"":70081,""adm1_name"":""Uttar Pradesh""}]",2009,5,11,2009,5,11,32,23,,,23,,,,Kph,,,2010-07-16,2025-12-20
2010-0177-IND,No,Natural,Meteorological,Storm,Storm (General),,IND,India,"Uttar Pradesh, Bihar provinces","[{""adm1_code"":70073,""adm1_name"":""Bihar""},{""adm1_code"":70081,""adm1_name"":""Uttar Pradesh""}]",2010,5,6,2010,5,8,54,50,,,50,,,,Kph,,,2010-05-10,2025-12-20
2010-0373-IND,No,Natural,Hydrological,Flood,Flash flood,,IND,India,"Leh, Cholglamsar villages (72785 district, Jammu and Kashmir province)","[{""adm2_code"":72785,""adm2_name"":""Administrative unit not available""}]",2010,8,6,2010,8,8,196,225,12500,,12725,,,145000,Km2,33.53,76.12,2014-07-28,2025-12-20
2010-0428-IND,No,Natural,Meteorological,Storm,Lightning/Thunderstorms,,IND,India,"Bihar, Jharkhand provinces","[{""adm1_code"":70073,""adm1_name"":""Bihar""},{""adm1_code"":70078,""adm1_name"":""Jharkhand""}]",2010,8,25,2010,8,25,25,,,,,,,,Kph,,,2010-08-26,2025-12-20
2010-0629-IND,No,Natural,Hydrological,Flood,Riverine flood,,IND,India,"Chennai, Cuddalore, Nagapattinam, Pudukottai, Ramanthapuram, Thanjavur, Thiruvallur, Villupuram, Thoothukudi, Tirunelveli Kattabo districts (Tamil Nadu province)","[{""adm2_code"":17866,""adm2_name"":""Thoothukudi""},{""adm2_code"":17876,""adm2_name"":""Pudukkottai""},{""adm2_code"":17878,""adm2_name"":""Ramanathapuram""},{""adm2_code"":17881,""adm2_name"":""Thanjavur""},{""adm2_code"":17884,""adm2_name"":""Tirunelveli Kattabo""},{""adm2_code"":70242,""adm2_name"":""Chennai""},{""adm2_code"":70243,""adm2_name"":""Cuddalore""},{""adm2_code"":70247,""adm2_name"":""Nagapattinam""},{""adm2_code"":70251,""adm2_name"":""Thiruvallur""},{""adm2_code"":70255,""adm2_name"":""Villupuram""}]",2010,11,15,2010,12,7,203,,,,,22000,32481,57474,Km2,9.88,78.47,2011-01-06,2025-12-20
2010-0693-IND,No,Natural,Meteorological,Storm,Tropical cyclone,Cyclone Jal,IND,India,Andhra Pradesh province,"[{""adm1_code"":1485,""adm1_name"":""Andhra Pradesh""}]",2010,10,31,2010,11,3,22,,,,,,,100,Kph,,,2011-03-17,2025-12-20
2011-0327-IND,No,Natural,Hydrological,Flood,Riverine flood,,IND,India,West Bengal province,"[{""adm1_code"":1511,""adm1_name"":""West Bengal""}]",2011,8,10,2011,9,13,47,,700000,,700000,275000,393592,28684,Km2,22.306,88.34,2011-11-07,2025-12-20
2011-0371-IND,No,Natural,Hydrological,Flood,Riverine flood,,IND,India,"Angul, Baleshwar, Baragarh, Bhadrak, Boudh, Cuttack, Deogarh, Dhenkanal, Jajpur, Jagatsinghpur, Jharsuguda, Kendrapara, Khordha, Mayurbhanj, Nayagarh, Nuapada, Puri, Sambalpur districts (Orissa province)","[{""adm2_code"":17809,""adm2_name"":""Cuttack""},{""adm2_code"":17810,""adm2_name"":""Dhenkanal""},{""adm2_code"":17816,""adm2_name"":""Mayurbhanj""},{""adm2_code"":17818,""adm2_name"":""Puri""},{""adm2_code"":17819,""adm2_name"":""Sambalpur""},{""adm2_code"":70206,""adm2_name"":""Angul""},{""adm2_code"":70207,""adm2_name"":""Baleshwar""},{""adm2_code"":70208,""adm2_name"":""Baragarh""},{""adm2_code"":70209,""adm2_name"":""Bhadrak""},{""adm2_code"":70211,""adm2_name"":""Boudh""},{""adm2_code"":70212,""adm2_name"":""Deogarh""},{""adm2_code"":70214,""adm2_name"":""Jagatsinghpur""},{""adm2_code"":70215,""adm2_name"":""Jajpur""},{""adm2_code"":70216,""adm2_name"":""Jharsuguda""},{""adm2_code"":70218,""adm2_name"":""Kendrapara""},{""adm2_code"":70219,""adm2_name"":""Khordha""},{""adm2_code"":70222,""adm2_name"":""Nayagarh""},{""adm2_code"":70223,""adm2_name"":""Nuapada""}]",2011,9,23,2011,10,23,239,,3443989,,3443989,930000,1331057,27751,Km2,20.651,86,2014-07-28,2025-12-20
2011-0473-IND,No,Natural,Hydrological,Flood,Riverine flood,,IND,India,Orissa province,"[{""adm1_code"":1504,""adm1_name"":""Orissa""}]",2011,9,5,2011,9,15,42,,2100000,,2100000,432000,618298,,Km2,,,2012-01-03,2025-12-20
2011-0647-IND,No,Natural,Hydrological,Flood,Riverine flood,,IND,India,"Uttar Pradesh, Uttarakhand province","[{""adm1_code"":70081,""adm1_name"":""Uttar Pradesh""},{""adm1_code"":70082,""adm1_name"":""Uttarakhand""}]",2011,6,15,2011,7,16,50,,,,,20000,28625,,Km2,,,2012-04-05,2025-12-20
2012-0015-IND,No,Natural,Meteorological,Extreme temperature,Cold wave,,IND,India,"Karimnagar, Vishakhapatnam, Guntur districts (Andhra Pradesh province)","[{""adm2_code"":17552,""adm2_name"":""Guntur""},{""adm2_code"":17554,""adm2_name"":""Karimnagar""},{""adm2_code"":17566,""adm2_name"":""Vishakhapatnam""}]",2012,1,15,2012,1,17,15,,,,,,,,°C,,,2012-01-24,2025-12-20
2012-0049-IND,No,Natural,Geophysical,Mass movement (dry),Avalanche (dry),,IND,India,Adminitrative unit not available districts (Jammu and Kashmir province),"[{""adm2_code"":72794,""adm2_name"":""Administrative unit not available""},{""adm2_code"":72789,""adm2_name"":""Administrative unit not available""}]",2012,2,23,2012,2,23,16,,,,,,,,,,,2013-02-04,2023-09-25
2013-0090-IND,No,Natural,Meteorological,Storm,Tornado,,IND,India,Uttar Pradesh province,"[{""adm1_code"":70081,""adm1_name"":""Uttar Pradesh""}]",2013,3,29,2013,3,30,9,,,,,,,,Kph,,,2013-04-08,2025-12-20
2013-0140-IND,No,Natural,Geophysical,Earthquake,Ground movement,,IND,India,Administrive unit not available district (Jammu and Kashmir province),"[{""adm2_code"":72809,""adm2_name"":""Administrative unit not available""}]",2013,5,1,2013,5,1,3,70,59280,,59350,120000,165838,5.7,Moment Magnitude,33.061,75.863,2013-07-05,2023-09-25
2013-0192-IND,No,Natural,Hydrological,Flood,Riverine flood,,IND,India,"Uttarakhand, Himachal Pradesh, Uttar Pradesh, Bihar, Karnataka, Kerala, Gujarat, West Bengal provinces","[{""adm1_code"":1491,""adm1_name"":""Gujarat""},{""adm1_code"":1493,""adm1_name"":""Himachal Pradesh""},{""adm1_code"":1494,""adm1_name"":""Karnataka""},{""adm1_code"":1495,""adm1_name"":""Kerala""},{""adm1_code"":1511,""adm1_name"":""West Bengal""},{""adm1_code"":70073,""adm1_name"":""Bihar""},{""adm1_code"":70081,""adm1_name"":""Uttar Pradesh""},{""adm1_code"":70082,""adm1_name"":""Uttarakhand""}]",2013,6,12,2013,6,27,6054,4473,500000,,504473,1100000,1520182,131743.41,Km2,32.714,76.61,2014-07-29,2025-12-20
2013-0482-IND,No,Natural,Meteorological,Storm,Lightning/Thunderstorms,,IND,India,"Bihar, Jharkhand provinces","[{""adm1_code"":70073,""adm1_name"":""Bihar""},{""adm1_code"":70078,""adm1_name"":""Jharkhand""}]",2013,10,5,2013,10,6,32,,,,,,,,Kph,,,2013-11-25,2025-12-20
2013-0515-IND,No,Natural,Meteorological,Storm,Tropical cyclone,Helen,IND,India,"Krishna, Guntur, East Godavari, West Godavari, Vishakhapatnam districts (Andhra Pradesh province)","[{""adm2_code"":17551,""adm2_name"":""East Godavari""},{""adm2_code"":17552,""adm2_name"":""Guntur""},{""adm2_code"":17556,""adm2_name"":""Krishna""},{""adm2_code"":17566,""adm2_name"":""Vishakhapatnam""},{""adm2_code"":17569,""adm2_name"":""West Godavari""}]",2013,11,22,2013,11,22,10,,,,,262000,362080,65,Kph,,,2013-12-07,2025-12-20
2014-0313-IND,No,Natural,Hydrological,Flood,Riverine flood,,IND,India,Orissa province,"[{""adm1_code"":1504,""adm1_name"":""Orissa""}]",2014,8,3,2014,8,4,35,,179000,,179000,200000,271985,,Km2,,,2014-09-23,2025-12-20
2014-0268-IND,No,Natural,Hydrological,Flood,Riverine flood,,IND,India,"Uttarakhand, Himachal Pradesh provinces","[{""adm1_code"":1493,""adm1_name"":""Himachal Pradesh""},{""adm1_code"":70082,""adm1_name"":""Uttarakhand""}]",2014,7,16,2014,7,22,26,,,,,,,,Km2,,,2014-08-28,2025-12-20
2014-0409-IND,No,Natural,Hydrological,Flood,Riverine flood,,IND,India,Odisha province,"[{""adm1_code"":1504,""adm1_name"":""Orissa""}]",2014,8,9,2014,8,16,47,,3600000,,3600000,100000,135992,,Km2,,,2014-10-15,2025-12-20
2014-0523-IND,No,Natural,Meteorological,Extreme temperature,Severe winter conditions,,IND,India,"Himachal Pradesh, Uttarakhand, Uttar Pradesh provinces","[{""adm1_code"":1493,""adm1_name"":""Himachal Pradesh""},{""adm1_code"":70081,""adm1_name"":""Uttar Pradesh""},{""adm1_code"":70082,""adm1_name"":""Uttarakhand""}]",2014,12,17,2014,12,18,140,,,,,,,,°C,,,2015-01-14,2025-12-20
2014-0538-IND,No,Natural,Meteorological,Storm,Storm (General),,IND,India,Uttar Pradesh province,"[{""adm1_code"":70081,""adm1_name"":""Uttar Pradesh""}]",2014,4,17,2014,4,20,27,,,,,,,,Kph,,,2015-03-25,2025-12-20
2015-0107-IND,No,Natural,Hydrological,Flood,Flash flood,,IND,India,"Chadoora village (72811 district, Jammu and Kashmir province)","[{""adm2_code"":72811,""adm2_name"":""Administrative unit not available""}]",2015,3,20,2015,3,31,44,25,,2097,2122,76000,103232,70287.98,Km2,33.1767,76.41,2015-04-01,2023-09-25
2015-0118-IND,No,Natural,Meteorological,Storm,Lightning/Thunderstorms,,IND,India,Tripura province,"[{""adm1_code"":1509,""adm1_name"":""Tripura""}]",2015,4,4,2015,4,5,1,,10000,,10000,3000,4075,,Kph,,,2015-05-20,2025-12-20
2015-0126-IND,No,Natural,Meteorological,Storm,Lightning/Thunderstorms,,IND,India,"Gujarat, Punjab, Himachal Pradresh, Haryana, Maharashtra, Bihar, Uttar Pradesh, Madhya Pradesh, Rajasthan, Jammu and Kashmir, Uttarakhand, West Bengal provinces","[{""adm1_code"":1491,""adm1_name"":""Gujarat""},{""adm1_code"":1492,""adm1_name"":""Haryana""},{""adm1_code"":1493,""adm1_name"":""Himachal Pradesh""},{""adm1_code"":1498,""adm1_name"":""Maharashtra""},{""adm1_code"":1505,""adm1_name"":""Punjab""},{""adm1_code"":1506,""adm1_name"":""Rajasthan""},{""adm1_code"":1511,""adm1_name"":""West Bengal""},{""adm1_code"":40408,""adm1_name"":""Administrative unit not available""},{""adm1_code"":40409,""adm1_name"":""Administrative unit not available""},{""adm1_code"":40422,""adm1_name"":""Administrative unit not available""},{""adm1_code"":40423,""adm1_name"":""Administrative unit not available""},{""adm1_code"":40424,""adm1_name"":""Administrative unit not available""},{""adm1_code"":40425,""adm1_name"":""Administrative unit not available""},{""adm1_code"":40426,""adm1_name"":""Administrative unit not available""},{""adm1_code"":40427,""adm1_name"":""Administrative unit not available""},{""adm1_code"":40428,""adm1_name"":""Administrative unit not available""},{""adm1_code"":40429,""adm1_name"":""Administrative unit not available""},{""adm1_code"":40430,""adm1_name"":""Administrative unit not available""},{""adm1_code"":40431,""adm1_name"":""Administrative unit not available""},{""adm1_code"":70073,""adm1_name"":""Bihar""},{""adm1_code"":70079,""adm1_name"":""Madhya Pradesh""},{""adm1_code"":70081,""adm1_name"":""Uttar Pradesh""},{""adm1_code"":70082,""adm1_name"":""Uttarakhand""}]",2015,3,6,2015,3,18,27,,,,,906000,1230630,,Kph,,,2015-04-09,2025-12-20
2015-0144-IND,No,Natural,Geophysical,Earthquake,Ground movement,,IND,India,"Bihar, Uttar Pradesh, West Bengal, Sikkim provinces","[{""adm1_code"":1507,""adm1_name"":""Sikkim""},{""adm1_code"":1511,""adm1_name"":""West Bengal""},{""adm1_code"":70073,""adm1_name"":""Bihar""},{""adm1_code"":70081,""adm1_name"":""Uttar Pradesh""}]",2015,4,25,2015,4,25,78,560,,,560,,,7.8,Moment Magnitude,28.2305,84.7314,2015-04-28,2025-12-20
2015-0207-IND,No,Natural,Hydrological,Flood,Flash flood,,IND,India,"Bhadrairuppu village (Virudhunagar district, Tamil Nadu province)","[{""adm2_code"":17869,""adm2_name"":""Virudhunagar""}]",2015,5,17,2015,5,21,8,,200,,200,,,14179,Km2,10.7121,79.18,2015-06-04,2025-12-20
2015-0226-IND,No,Natural,Hydrological,Mass movement (wet),Landslide (wet),,IND,India,"Barpeta, Sonitpur, Goalpara, Dhemaji, Lakhimpur, Tinsukia, Darrang, Nalbari, Jorhat, Kamrup, Dibrugarh, Nagaon, Bongaigaon districts (Assam province)","[{""adm2_code"":17576,""adm2_name"":""Barpeta""},{""adm2_code"":17578,""adm2_name"":""Darrang""},{""adm2_code"":17580,""adm2_name"":""Dibrugarh""},{""adm2_code"":17581,""adm2_name"":""Goalpara""},{""adm2_code"":17583,""adm2_name"":""Kamrup""},{""adm2_code"":17589,""adm2_name"":""Nagaon""},{""adm2_code"":17590,""adm2_name"":""Nalbari""},{""adm2_code"":17593,""adm2_name"":""Sonitpur""},{""adm2_code"":70086,""adm2_name"":""Bongaigaon""},{""adm2_code"":70087,""adm2_name"":""Dhemaji""},{""adm2_code"":70089,""adm2_name"":""Jorhat""},{""adm2_code"":70091,""adm2_name"":""Lakhimpur""},{""adm2_code"":70093,""adm2_name"":""Tinsukia""}]",2015,6,2,2015,6,29,3,,9000,,9000,,,,,26.9195,93.87,2015-07-15,2025-12-20
2015-0374-IND,No,Natural,Hydrological,Flood,Flood (General),,IND,India,Assam province,"[{""adm1_code"":1487,""adm1_name"":""Assam""}]",2015,8,13,2015,8,19,5,,18000,,18000,,,69190.14,Km2,26.8946,93.75,2015-08-24,2025-12-20
2016-0002-IND,No,Natural,Geophysical,Earthquake,Ground movement,,IND,India,"Guwahati city (Kamrup district, Assam province), East Imphal, West Imphal, Senapati, Thoubal, Bishnupur, Tamenglong districts (Manipur province)","[{""adm2_code"":17583,""adm2_name"":""Kamrup""},{""adm2_code"":70188,""adm2_name"":""Bishnupur""},{""adm2_code"":70191,""adm2_name"":""East Imphal""},{""adm2_code"":70192,""adm2_name"":""Senapati""},{""adm2_code"":70193,""adm2_name"":""Tamenglong""},{""adm2_code"":70194,""adm2_name"":""Thoubal""},{""adm2_code"":70196,""adm2_name"":""West Imphal""}]",2016,1,3,2016,1,3,8,308,10500,,10808,75000,100604,6.7,Moment Magnitude,24.804,93.65,2016-01-12,2026-01-25
2016-0187-IND,No,Natural,Climatological,Wildfire,Forest fire,,IND,India,"Uttarakhand province (including Almora, Pauri Garhwal, Chamoli districts)","[{""adm1_code"":70082,""adm1_name"":""Uttarakhand""}]",2016,2,1,2016,5,2,7,,,,,,,,Km2,,,2016-06-10,2025-12-20
2016-0237-IND,No,Natural,Meteorological,Storm,Lightning/Thunderstorms,,IND,India,"Bihar, Uttar Pradesh, Jharkhand, Madhya Pradesh provinces","[{""adm1_code"":70073,""adm1_name"":""Bihar""},{""adm1_code"":70078,""adm1_name"":""Jharkhand""},{""adm1_code"":70079,""adm1_name"":""Madhya Pradesh""},{""adm1_code"":70081,""adm1_name"":""Uttar Pradesh""}]",2016,6,20,2016,6,21,93,,,,,,,,Kph,,,2016-07-13,2025-12-20
2017-0144-IND,No,Natural,Meteorological,Extreme temperature,Heat wave,,IND,India,"Andhra Pradesh, Telangana, Maharashtra, Odisha (Orissa)","[{""adm1_code"":1485,""adm1_name"":""Andhra Pradesh""},{""adm1_code"":1498,""adm1_name"":""Maharashtra""},{""adm1_code"":1504,""adm1_name"":""Orissa""}]",2017,4,12,2017,6,15,264,,,,,,,48,°C,,,2017-05-18,2025-12-20
2017-0294-IND,No,Natural,Hydrological,Flood,Flood (General),,IND,India,"Banaskantha, Valsad, Navsari, Surat, Sabarkantha, Patan (Gujarat), Barmer, Jalore, Udaipur, Sirohi, Pali (Rajasthan), Kolkata (West Bengal)",,2017,6,,2017,8,,284,,520000,,520000,250000,328353,,Km2,,,2017-07-31,2023-09-25
2017-0257-IND,No,Natural,Hydrological,Flood,Flood (General),,IND,India,Gujarat,"[{""adm1_code"":1491,""adm1_name"":""Gujarat""}]",2017,6,1,2017,6,30,31,,,,,,,,Km2,,,2017-07-17,2025-12-20
2017-0289-IND,No,Natural,Hydrological,Flood,Riverine flood,,IND,India,"Lakhimpur, Bangaigaon, Jorhat, Golaghat, Cachar, Dhemjai, Biswanath, Karimganj, Barpeta, Karbi Anglong, Sonitpur, Darrang, Hojai (Sub Division), Bhuragaon (Sub Division), Majuli, Nagaon, Nalbari, Sivasagar, Morigaon, Chirang, Dibrugarh, Dhubri, Kokrajhar, South Salmara, Charaideo, Goalpara districts (Assam)","[{""adm2_code"":17576,""adm2_name"":""Barpeta""},{""adm2_code"":17577,""adm2_name"":""Cachar""},{""adm2_code"":17578,""adm2_name"":""Darrang""},{""adm2_code"":17579,""adm2_name"":""Dhuburi""},{""adm2_code"":17580,""adm2_name"":""Dibrugarh""},{""adm2_code"":17581,""adm2_name"":""Goalpara""},{""adm2_code"":17582,""adm2_name"":""Golaghat""},{""adm2_code"":17584,""adm2_name"":""Karbi Anglong""},{""adm2_code"":17585,""adm2_name"":""Karimganj""},{""adm2_code"":17589,""adm2_name"":""Nagaon""},{""adm2_code"":17590,""adm2_name"":""Nalbari""},{""adm2_code"":17592,""adm2_name"":""Sibsagar""},{""adm2_code"":17593,""adm2_name"":""Sonitpur""},{""adm2_code"":70086,""adm2_name"":""Bongaigaon""},{""adm2_code"":70087,""adm2_name"":""Dhemaji""},{""adm2_code"":70089,""adm2_name"":""Jorhat""},{""adm2_code"":70090,""adm2_name"":""Kokrajhar""},{""adm2_code"":70091,""adm2_name"":""Lakhimpur""},{""adm2_code"":70092,""adm2_name"":""Marigaon""}]",2017,6,25,2017,7,24,75,,1735000,,1735000,,,,Km2,,,2017-07-31,2025-12-20
2018-0149-IND,No,Natural,Meteorological,Storm,Lightning/Thunderstorms,,IND,India,"Uttar Pradesh, Bengale occidental, Bihar, Andhra Pradesh","[{""adm1_code"":1485,""adm1_name"":""Andhra Pradesh""},{""adm1_code"":1511,""adm1_name"":""West Bengal""},{""adm1_code"":70073,""adm1_name"":""Bihar""},{""adm1_code"":70081,""adm1_name"":""Uttar Pradesh""}]",2018,5,13,2018,5,16,95,,,,,,,100,Kph,,,2018-05-22,2025-12-20
2018-0209-IND,No,Natural,Meteorological,Storm,Lightning/Thunderstorms,,IND,India,"Uttar Pradesh, West Bengal, Tripura","[{""adm1_code"":1509,""adm1_name"":""Tripura""},{""adm1_code"":1511,""adm1_name"":""West Bengal""},{""adm1_code"":70081,""adm1_name"":""Uttar Pradesh""}]",2018,5,6,2018,5,9,32,,21000,,21000,50000,64105,,Kph,,,2018-07-20,2025-12-20
2018-0214-IND,No,Natural,Meteorological,Storm,Lightning/Thunderstorms,,IND,India,"Uttar Pradesh, Bihar, Jharkhand","[{""adm1_code"":70073,""adm1_name"":""Bihar""},{""adm1_code"":70078,""adm1_name"":""Jharkhand""},{""adm1_code"":70081,""adm1_name"":""Uttar Pradesh""}]",2018,5,28,2018,5,28,54,,,,,25000,32052,,Kph,,,2018-07-20,2025-12-20
2018-0473-IND,No,Natural,Meteorological,Storm,Tropical cyclone,Tropical storm 'Phethai',IND,India,"Andhra Pradesh, Odisha","[{""adm1_code"":1485,""adm1_name"":""Andhra Pradesh""},{""adm1_code"":1504,""adm1_name"":""Orissa""}]",2018,12,17,2018,12,19,8,,10000,,10000,100000,128210,100,Kph,,,2019-01-22,2025-12-20
2018-9372-IND,No,Natural,Climatological,Drought,Drought,,IND,India,"Karnataka, Maharashtra states","[{""adm1_code"":1494,""adm1_name"":""Karnataka""},{""adm1_code"":1498,""adm1_name"":""Maharashtra""}]",2018,9,,2019,6,,,,8200000,,8200000,1100000,1410306,,Km2,,,2018-10-11,2025-12-20
2019-0311-IND,No,Natural,Meteorological,Storm,Lightning/Thunderstorms,,IND,India,"Odisha, Hyderabad","[{""adm1_code"":1504,""adm1_name"":""Orissa""},{""adm2_code"":17553,""adm2_name"":""Hyderabad""}]",2019,6,1,2019,6,3,10,,,,,,,,Kph,,,2019-07-10,2025-12-20
2019-0383-IND,No,Natural,Hydrological,Flood,Flood (General),,IND,India,"West Bengal, Kerala, Odisha, Maharashtra","[{""adm1_code"":1495,""adm1_name"":""Kerala""},{""adm1_code"":1498,""adm1_name"":""Maharashtra""},{""adm1_code"":1504,""adm1_name"":""Orissa""},{""adm1_code"":1511,""adm1_name"":""West Bengal""}]",2019,8,12,2019,8,15,32,,17500,,17500,,,,Km2,,,2019-08-16,2025-12-20
2019-0550-IND,No,Natural,Meteorological,Storm,Tropical cyclone,Tropical cyclone 'Bulbul',IND,India,"South Assam, Meghalaya, Tripura, Mizoram, West Begal, Odisha state","[{""adm1_code"":1487,""adm1_name"":""Assam""},{""adm1_code"":1501,""adm1_name"":""Meghalaya""},{""adm1_code"":1502,""adm1_name"":""Mizoram""},{""adm1_code"":1504,""adm1_name"":""Orissa""},{""adm1_code"":1509,""adm1_name"":""Tripura""},{""adm1_code"":1511,""adm1_name"":""West Bengal""}]",2019,11,9,2019,11,10,12,,130000,,130000,,,,Kph,,,2019-11-19,2025-12-20
